remote,exam_total,pid,anid,l01q1,l01q2,l01q3,l01q4,l01q5,l01q6,l01q7,l01q8,l01q9,l01q10,l01q11,l01q12,l01q13,l01q14,l01q15,l01q16,l02q1,l02q2,l02q3,l02q4,l02q5,l02q6,l02q7,l02q8,l02q9,l02q10,l02q11,l02q12,l02q13,l02q14,l02q15,l03q1,l03q2,l03q3,l03q4,l03q5,l03q6,l03q7,l03q8,l03q9,l03q10,l03q11,l03q12,l03q13,l03q14,l04q1,l04q2,l04q3,l04q4,l04q5,l04q6,l04q7,l04q8,l04q9,l04q10,l04q11,l04q12,l04q13,l04q14,l04q15,l05q1,l05q2,l05q3,l05q4,l05q5,l05q6,l05q7,l05q8,l05q9,l05q10,l05q11,l06q1,l06q2,l06q3,l06q4,l06q5,l06q6,l06q7,l06q8,l07q1,l07q2,l07q3,l07q4,l07q5,l07q6,l08q1,l08q2,l08q3,l08q4,l08q5,l08q6,l08q7,l08q8,l08q9,l08q10,l08q11,l08q12,l09q1,l09q2,l09q3,l09q4,l09q5,l09q6,l09q7,l09q8,l10q1,l10q2,l10q3,l10q4,l10q5,l10q6,l10q7,l10q8,l10q9,l11q1,l11q2,l11q3,l11q4,l11q5,l11q6,l11q7,l11q8,l11q9,l11q10,l12q1,l12q2,l12q3,l12q4,l12q5,l12q6,l12q7,l12q8,l12q9,l13q1,l13q2,l13q3,l13q4,l13q5,l13q6,l13q7,l13q8,l13q9,l13q10,l14q1,l14q2,l14q3,l14q4,l14q5,l14q6,l14q7,l14q8,l14q9,l14q10
"['#00F17A8B', '#0F17A8B']",66,A09340460,185,NA,NA,NA,NA,NA,NA,NA,NA,NA,NA,NA,NA,NA,NA,NA,NA,NA,NA,NA,NA,NA,NA,NA,NA,NA,NA,NA,NA,NA,NA,NA,NA,NA,2,1,1,1,1,1,4,5,4,4,3,3,NA,1,4,5,1,2,4,4,4,4,3,2,1,2,2,1,2,2,2,3,4,1,3,1,4,4,2,2,4,3,4,3,2,4,2,2,4,2,2,2,4,4,3,2,4,3,2,2,2,3,1,3,4,3,3,3,3,5,1,1,NA,NA,NA,NA,NA,NA,NA,NA,NA,NA,NA,NA,NA,NA,NA,NA,NA,NA,NA,3,2,1,3,3,3,2,4,2,NA,1,3,2,2,NA,4,3,3,4,3,3,1,1,2,5,3,3,2,1
"['#00F60AFC', '#0F60AFC']",101.5,A53047041,115,2,2,1,NA,3,3,2,2,3,3,5,2,2,3,4,1,3,3,4,4,4,4,2,2,1,3,4,4,4,4,3,4,4,2,4,1,1,4,4,1,4,4,4,2,3,2,2,2,2,3,3,4,4,2,5,2,2,1,4,4,2,2,4,3,2,4,3,1,1,5,3,2,2,4,4,3,2,2,2,2,2,2,3,3,3,3,3,2,3,2,3,3,3,3,4,3,2,3,3,2,2,2,2,2,2,4,4,5,4,4,2,2,2,2,2,1,1,1,2,5,4,4,5,5,3,1,3,3,1,4,2,1,1,2,1,1,1,1,1,2,3,1,4,3,3,3,3,4,4,2,3,2,3
"['#00FF54AB', '#0FF54AB']",89,A09348753,134,2,2,3,3,2,1,2,2,3,3,2,2,4,3,5,5,2,3,2,5,3,3,4,3,1,4,4,4,4,5,3,NA,3,5,4,1,1,2,4,4,4,4,4,3,3,NA,NA,NA,NA,NA,NA,NA,NA,NA,NA,NA,NA,NA,NA,NA,2,2,2,2,2,4,1,4,4,5,5,2,1,5,5,5,3,2,2,3,2,3,3,4,4,3,3,3,3,2,3,3,2,3,4,4,5,4,4,2,2,3,3,3,2,1,3,2,3,3,3,3,3,3,2,2,1,5,2,2,4,5,5,5,1,2,3,1,3,3,3,2,3,2,2,2,2,2,3,2,2,2,2,3,4,3,3,5,3,4,4,4,1
"['#0104D1D4', '#104D1D4']",75.5,A96030352,167,2,2,1,1,3,2,2,2,2,3,2,2,3,3,1,1,3,3,5,3,4,3,2,3,1,4,4,4,4,5,1,NA,NA,3,3,3,1,2,1,5,5,4,4,3,3,1,1,4,5,4,4,4,4,3,4,2,2,1,4,4,2,2,2,2,4,4,1,4,1,5,4,1,2,3,3,4,2,3,2,2,2,2,3,1,2,2,3,3,3,4,3,2,2,2,3,4,3,3,3,3,3,3,5,2,1,3,4,2,4,4,2,2,3,3,3,3,2,1,3,3,4,4,4,3,3,2,2,3,3,3,3,2,2,3,1,2,2,2,2,2,4,5,4,3,3,3,3,2,5,1,3,1,1
"['#01085B52', '#1085B52']",84,A09479894,164,2,2,4,1,3,3,2,2,3,NA,2,NA,3,3,1,1,3,3,1,5,2,3,2,2,1,4,4,2,4,3,3,NA,NA,4,4,1,NA,4,4,5,2,4,4,3,3,1,1,2,2,5,2,4,4,4,4,2,2,1,4,4,2,2,3,1,2,4,2,2,2,4,4,3,NA,3,3,3,3,3,2,NA,NA,NA,NA,NA,NA,4,3,2,1,2,2,2,2,5,NA,4,3,NA,NA,2,2,3,3,2,NA,4,5,5,4,4,NA,NA,3,3,NA,NA,NA,NA,NA,NA,NA,NA,NA,NA,NA,NA,NA,NA,NA,NA,NA,NA,NA,NA,NA,NA,NA,NA,NA,NA,NA,NA,NA,NA,NA,NA,NA,NA,NA,NA,NA,NA,NA
"['#01249DB8', '#1249DB8']",111.5,A09262448,103,NA,NA,NA,NA,NA,NA,NA,NA,NA,NA,NA,NA,NA,NA,NA,NA,5,5,4,4,3,3,2,2,1,4,4,4,4,1,3,NA,4,4,4,1,1,5,5,4,4,4,4,3,3,1,1,2,2,3,2,4,4,3,5,2,2,1,4,4,4,2,2,2,4,4,4,4,1,5,3,NA,2,4,4,4,2,2,4,2,2,5,5,2,2,2,1,1,1,2,3,2,2,3,3,3,1,2,4,3,3,4,4,3,5,NA,5,5,4,4,2,2,2,2,2,5,1,1,5,5,3,5,1,5,4,NA,5,4,3,3,2,3,3,1,1,3,3,2,2,2,3,2,2,4,5,4,3,3,3,4,4,4,1
"['#05FB22DC', '#5FB22DC']",62.5,A10568181,186,2,2,1,1,4,3,2,1,2,NA,2,2,2,2,2,2,NA,1,2,4,3,3,2,1,1,1,4,4,4,2,2,2,1,2,4,2,1,2,2,4,4,2,4,2,5,1,2,4,4,1,3,4,4,1,3,3,1,1,2,1,2,1,1,4,2,2,4,1,1,1,1,2,2,3,3,3,2,2,2,2,2,3,3,3,3,1,1,1,3,3,4,3,2,3,3,1,2,2,2,2,2,4,3,4,2,2,1,1,1,3,1,1,2,2,1,3,1,1,1,5,2,2,2,3,2,1,NA,1,4,2,1,2,2,1,1,1,1,1,2,1,3,2,2,2,1,1,1,4,3,2,4,1,1
"['#088A37B5', '#88A37B5']",70,A98412814,179,2,2,1,1,1,3,2,2,2,3,2,3,2,3,3,1,1,3,4,4,2,4,2,2,3,2,2,2,2,2,2,4,4,2,1,2,2,2,2,3,4,4,1,2,2,3,4,4,4,4,4,4,4,2,2,2,2,1,2,2,1,2,1,1,2,2,1,2,1,1,1,2,2,4,4,4,2,2,2,3,1,2,2,3,3,2,3,4,4,3,3,2,2,2,3,2,3,NA,2,2,2,1,1,2,1,5,5,5,4,4,2,2,2,2,1,1,1,1,5,5,2,2,5,5,1,2,2,3,3,4,4,3,3,1,1,3,3,3,1,2,2,3,2,3,3,4,4,3,3,3,4,3,2
"['#0965523E', '#965523E']",92,A09354604,124,1,1,1,1,1,3,3,2,3,3,1,2,3,3,2,5,1,1,1,1,1,3,4,2,2,4,4,3,4,3,3,NA,4,1,1,3,3,3,4,4,NA,4,4,2,3,1,2,2,2,4,5,4,5,3,5,2,2,1,3,3,1,2,1,NA,1,NA,1,2,2,3,NA,2,2,3,3,4,3,2,3,2,NA,4,4,2,2,NA,NA,NA,NA,NA,NA,NA,NA,NA,NA,NA,NA,4,4,3,3,3,3,4,2,4,5,5,2,3,3,3,2,2,3,2,2,2,3,NA,3,3,3,4,1,3,2,3,3,2,4,2,2,2,3,2,1,2,2,3,2,2,4,4,2,2,3,1,1,1,1,1,1
"['#098C73F6', '#98C73F6']",88.5,A10624716,138,2,2,1,1,4,2,2,2,3,3,2,2,5,3,5,4,2,5,1,1,1,3,5,5,1,4,4,4,4,2,3,5,5,4,4,2,1,4,1,5,1,1,4,5,3,1,1,4,NA,2,3,4,4,4,4,2,2,1,4,4,2,2,5,2,4,4,1,1,1,2,2,1,1,5,3,3,3,3,2,2,NA,3,3,5,5,3,1,4,4,3,2,2,2,1,2,3,3,3,3,1,2,3,3,2,3,NA,2,2,3,4,2,NA,2,2,3,3,1,1,4,4,3,2,5,5,1,1,2,2,2,3,3,3,2,1,1,3,3,4,4,3,3,4,4,3,3,3,3,2,3,1,1,2,1
"['#0FC560AA', '#FC560AA']",90,A09462124,142,3,2,3,1,4,4,4,2,3,3,2,2,3,3,1,1,2,3,2,2,3,5,2,3,NA,4,NA,4,4,3,3,4,4,1,4,1,2,5,5,5,5,4,4,3,5,1,1,5,5,5,2,5,5,5,3,2,2,1,4,4,2,5,1,1,NA,4,3,2,1,2,2,3,3,3,3,4,3,3,3,2,NA,3,3,4,1,3,4,5,3,3,3,2,2,3,3,5,5,4,4,2,2,5,2,1,1,NA,NA,NA,4,4,2,2,2,2,3,1,4,3,NA,4,5,5,5,5,NA,3,3,3,3,2,2,3,3,3,4,2,2,2,3,4,4,2,2,3,3,1,1,3,3,5,5,4,1
"['#8218F963', '#1312111']",104.5,A10069930,112,NA,NA,NA,NA,NA,NA,NA,NA,NA,NA,NA,NA,NA,NA,NA,NA,3,3,NA,5,3,3,3,5,1,3,4,4,4,5,3,5,5,1,4,1,1,3,5,5,4,1,4,2,5,2,1,4,2,4,4,4,3,3,5,2,2,1,3,4,NA,NA,NA,NA,NA,NA,NA,NA,NA,NA,NA,1,1,4,5,3,2,NA,4,2,2,3,3,5,5,1,2,3,5,3,3,2,2,1,2,2,1,4,3,2,2,2,3,2,2,NA,NA,NA,NA,NA,NA,NA,NA,NA,1,1,2,1,4,4,5,5,4,5,2,5,3,3,3,2,3,4,3,4,1,3,3,2,NA,2,3,4,3,4,3,3,1,3,3,4,4,4,1
"['#95B0B396', '#BD98250']",42.5,A97027670,201,2,2,3,1,3,4,4,3,1,2,2,2,3,3,5,5,3,5,4,4,4,3,1,3,1,4,4,4,4,NA,3,4,4,1,1,4,1,4,NA,NA,1,NA,NA,3,3,2,1,2,2,NA,NA,NA,NA,NA,4,NA,2,2,2,2,2,2,3,3,3,4,3,3,5,2,2,1,1,3,3,3,3,3,2,2,2,3,3,3,NA,3,3,1,1,2,2,2,2,NA,3,3,3,NA,NA,NA,NA,NA,NA,NA,NA,NA,NA,NA,2,2,1,2,2,23,NA,NA,NA,NA,NA,NA,NA,NA,NA,NA,NA,NA,NA,NA,NA,NA,NA,2,2,NA,NA,NA,NA,NA,2,2,NA,2,NA,2,3,3,3,2,2,2,4,4,1
#137ED3BE,82.5,A09419498,160,NA,NA,NA,NA,NA,NA,NA,NA,NA,NA,NA,NA,NA,NA,NA,NA,1,5,3,4,3,3,2,2,1,5,4,4,4,3,3,3,5,3,4,2,1,2,5,4,4,4,4,3,5,2,2,3,2,1,2,3,4,2,3,2,2,1,4,3,4,4,3,2,4,4,1,1,1,1,3,3,2,1,5,5,3,2,2,2,2,4,2,2,2,3,2,4,4,3,2,2,2,3,2,3,3,3,3,2,2,3,3,1,1,5,5,5,2,4,4,2,3,3,2,1,3,5,1,3,2,2,5,5,1,1,5,1,1,2,4,2,3,1,3,2,2,2,2,3,3,1,1,3,3,1,1,2,4,4,3,5,1
#1C67146F,40.5,A08101955,203,NA,NA,NA,NA,NA,NA,NA,NA,NA,NA,NA,NA,NA,NA,NA,NA,NA,NA,NA,NA,NA,NA,NA,NA,NA,NA,NA,NA,NA,NA,NA,NA,NA,NA,NA,NA,NA,NA,NA,NA,NA,NA,NA,NA,NA,NA,NA,NA,NA,NA,NA,NA,NA,NA,NA,NA,NA,NA,NA,NA,NA,NA,NA,NA,NA,NA,NA,NA,NA,NA,NA,2,4,3,1,3,2,3,1,NA,NA,NA,NA,NA,NA,NA,NA,NA,NA,NA,NA,NA,NA,NA,NA,NA,NA,NA,NA,NA,NA,NA,NA,NA,NA,NA,NA,NA,NA,NA,NA,NA,NA,NA,NA,NA,NA,NA,NA,NA,NA,NA,NA,NA,NA,NA,NA,NA,NA,NA,NA,NA,NA,NA,NA,NA,NA,NA,NA,NA,NA,NA,NA,NA,NA,NA,NA,NA,NA,NA,NA,NA,NA
#1E81DB44,69,A09542034,174,2,2,NA,1,4,3,3,2,1,3,2,2,3,3,2,1,3,3,5,4,2,3,1,3,1,4,4,4,4,4,3,5,5,1,4,1,1,4,5,4,4,4,4,5,5,2,2,5,2,3,2,3,3,4,3,1,2,5,3,3,3,4,3,2,2,4,3,1,1,2,3,1,2,3,5,5,3,3,5,5,2,4,3,2,2,NA,NA,NA,NA,NA,NA,NA,NA,NA,NA,NA,NA,NA,5,2,1,3,3,2,1,2,5,5,3,4,5,2,2,2,3,1,3,2,2,5,3,2,4,4,1,3,3,1,1,3,4,3,3,2,2,3,5,4,4,3,3,NA,3,3,3,3,3,5,5,4,3,2,2
#21E7FE38,86.5,A09269196,141,NA,NA,NA,NA,NA,NA,NA,NA,NA,NA,NA,NA,NA,NA,NA,NA,NA,5,3,1,2,3,2,2,1,3,4,4,4,3,3,4,4,3,3,1,1,4,3,2,4,4,4,1,3,1,1,2,2,2,2,3,3,3,3,3,2,1,2,4,1,3,2,4,5,4,4,3,5,4,3,1,2,3,4,5,2,3,3,3,3,3,3,2,3,NA,NA,NA,NA,NA,NA,NA,NA,NA,NA,NA,NA,3,3,4,2,4,4,3,1,NA,NA,NA,NA,NA,NA,NA,NA,NA,3,3,1,2,2,2,4,4,3,5,NA,NA,NA,NA,NA,NA,NA,NA,NA,1,2,3,3,3,4,4,NA,3,3,1,3,3,1,2,3,3,3,3,3
#21FBF02A,86.5,A11040360,132,2,2,3,1,4,3,2,2,3,3,2,1,3,3,2,5,3,3,3,3,2,3,3,3,1,4,5,4,4,3,1,3,4,3,3,1,1,1,3,4,4,4,4,5,5,1,5,2,2,3,2,4,4,2,4,2,2,1,3,3,1,1,4,2,1,4,1,2,2,4,4,1,NA,4,4,4,5,2,5,NA,NA,NA,NA,NA,NA,3,3,3,2,3,3,3,2,4,2,2,2,3,3,2,2,3,3,1,2,1,5,5,4,4,2,2,3,3,1,1,2,2,2,2,2,2,5,5,1,2,3,1,3,1,2,3,3,1,2,2,2,2,2,3,3,4,4,NA,3,4,4,2,2,1,5,1,1
#21FD934F,97.5,A09659710,129,NA,NA,NA,NA,NA,NA,NA,NA,NA,NA,NA,NA,NA,NA,NA,NA,NA,NA,NA,NA,NA,NA,NA,NA,NA,NA,NA,NA,NA,NA,NA,4,4,1,1,1,1,NA,5,4,NA,4,NA,3,3,1,1,2,2,3,3,4,4,3,3,2,2,1,4,4,NA,NA,NA,NA,NA,NA,NA,NA,NA,NA,NA,1,2,3,3,3,1,2,2,3,2,4,3,2,2,2,2,NA,4,1,2,3,3,2,NA,2,2,3,3,2,2,2,2,4,1,2,2,2,4,3,1,1,2,NA,NA,NA,NA,NA,NA,NA,NA,NA,NA,NA,2,3,NA,3,3,1,2,3,3,4,4,1,2,2,2,3,3,4,4,3,3,1,1,5,5,3,4,2,2
#2201DDFE,82.5,A09342836,152,NA,NA,NA,NA,NA,NA,NA,NA,NA,NA,NA,NA,NA,NA,NA,NA,NA,NA,5,5,2,3,5,5,1,4,4,4,4,3,3,2,2,4,4,1,1,4,5,4,4,4,4,3,3,1,1,2,2,3,2,3,4,5,NA,2,2,1,4,4,NA,NA,NA,NA,NA,NA,NA,NA,NA,NA,NA,NA,NA,NA,NA,NA,NA,NA,NA,2,2,3,3,1,1,NA,NA,3,3,4,3,2,2,3,1,3,3,3,3,3,3,3,3,3,1,NA,NA,NA,4,4,2,2,2,2,2,2,1,1,3,3,1,2,5,5,NA,NA,NA,NA,NA,NA,NA,NA,NA,2,2,1,1,2,2,3,3,2,2,NA,NA,1,1,5,5,1,1,4,2
#36FBB27F,60.5,A11049501,187,NA,NA,4,1,5,NA,3,3,1,NA,1,1,3,3,5,1,NA,NA,NA,5,3,1,1,1,1,4,NA,4,NA,1,5,3,NA,1,1,3,1,5,4,3,4,1,1,4,4,2,2,2,4,1,1,4,3,3,4,1,2,1,3,3,2,2,3,3,2,2,4,1,4,5,1,2,3,3,3,3,1,2,2,2,2,3,3,4,3,NA,NA,NA,NA,NA,NA,NA,NA,NA,NA,NA,NA,4,3,2,2,1,NA,4,1,4,3,4,2,4,1,1,2,2,NA,NA,NA,NA,NA,NA,NA,NA,NA,NA,1,2,1,1,2,NA,2,3,1,1,1,2,3,1,2,1,3,4,4,4,4,4,5,5,2,1,1,3,1
#3847F689,60,A11030268,189,NA,NA,2,NA,4,2,NA,2,4,3,2,2,2,3,2,2,2,NA,2,5,5,5,2,2,1,2,2,NA,4,1,1,3,1,1,1,1,1,1,1,4,5,4,4,5,3,4,1,2,2,5,5,4,3,3,5,2,2,1,5,3,1,1,4,NA,1,NA,2,3,2,4,NA,3,4,3,3,4,1,4,2,3,NA,4,4,4,4,NA,NA,NA,NA,NA,NA,NA,NA,NA,NA,NA,NA,5,4,3,3,4,3,3,5,NA,NA,NA,NA,NA,3,4,NA,4,4,2,3,5,4,NA,4,5,5,5,NA,NA,NA,NA,NA,NA,NA,NA,NA,3,3,3,3,3,2,5,5,3,3,4,3,4,4,3,2,3,3,3,3
#815878A1,65.5,A98081621,190,NA,NA,NA,NA,NA,NA,NA,NA,NA,NA,NA,NA,NA,NA,NA,NA,NA,3,1,4,3,NA,4,2,1,3,4,3,4,4,3,3,4,2,4,1,NA,2,2,3,4,3,4,1,4,2,2,4,NA,4,5,4,NA,3,3,3,NA,3,2,5,4,2,1,4,2,2,3,5,5,1,1,3,2,3,3,3,2,2,2,5,5,3,3,3,2,1,1,1,3,4,4,3,2,2,3,2,NA,2,2,2,1,2,1,1,2,1,1,1,2,1,2,1,NA,NA,1,1,2,NA,3,5,2,2,1,NA,NA,2,2,2,3,NA,1,3,2,2,2,2,1,2,2,4,NA,2,2,2,5,3,2,3,NA,3,2,1,2
#821D1E81,75,A10410433,168,NA,NA,1,1,2,3,2,2,3,3,2,2,3,3,2,1,3,5,3,3,3,3,1,2,1,4,4,2,4,1,3,1,1,3,1,1,1,1,1,4,4,1,4,3,3,1,1,2,2,3,3,4,4,1,1,2,2,1,4,4,2,5,3,3,3,4,3,2,2,2,3,2,NA,4,5,4,2,4,4,NA,NA,NA,NA,NA,NA,2,2,3,4,2,3,1,1,5,4,4,4,3,3,2,2,3,3,2,2,1,2,5,1,5,5,4,1,2,2,2,3,1,3,2,2,2,1,1,2,2,2,2,4,2,1,4,4,1,3,2,2,2,3,1,2,3,4,3,3,2,2,3,5,2,2,3,2
#822006A4,76,A10301538,166,2,2,2,1,1,3,2,2,3,3,2,1,3,NA,2,1,5,5,3,4,1,3,1,3,2,4,4,4,4,3,1,1,5,1,4,1,1,2,5,5,4,4,4,5,5,NA,1,1,5,3,3,4,5,3,3,2,2,2,2,2,3,3,1,2,4,1,1,4,2,5,1,1,2,5,5,3,1,2,2,2,2,4,3,4,3,3,3,2,4,4,4,2,2,3,2,3,3,4,4,1,3,1,4,1,5,NA,NA,NA,NA,NA,NA,NA,NA,NA,NA,NA,NA,NA,NA,NA,NA,NA,NA,NA,NA,2,2,3,1,3,2,2,3,3,3,2,3,2,2,3,NA,1,2,3,4,1,1,3,2,NA,NA,NA,NA
#82534190,66,A08810128,188,2,2,2,2,4,4,2,2,2,2,1,2,3,3,2,2,NA,1,2,3,4,4,2,3,3,2,4,2,3,2,3,1,2,3,3,2,2,2,2,4,4,1,1,3,4,2,4,4,4,2,3,4,4,3,2,2,2,3,3,4,1,1,3,3,2,2,2,1,1,4,4,2,2,3,3,3,4,4,3,2,2,3,3,4,4,1,3,1,3,3,3,3,2,4,3,2,3,2,2,2,2,1,1,1,1,4,4,5,3,4,1,2,2,2,1,1,1,1,5,5,2,2,5,5,1,2,2,1,1,2,2,3,3,2,1,2,2,2,2,3,3,1,1,3,3,2,2,2,2,1,2,2,2
#8266EA0E,101,A09941291,111,2,2,3,4,2,3,3,3,3,3,2,2,3,3,2,1,3,3,4,4,3,3,2,2,1,3,4,4,4,3,3,5,5,3,4,1,1,3,3,2,4,3,4,3,5,1,1,1,2,4,2,4,4,3,3,2,2,1,1,4,2,2,1,2,4,4,1,2,1,4,2,NA,NA,NA,NA,NA,NA,NA,NA,NA,NA,NA,NA,NA,NA,3,3,3,3,3,3,2,2,4,2,2,2,2,3,2,2,3,4,1,1,2,2,5,2,4,1,4,2,2,1,1,3,1,1,5,1,5,NA,3,2,1,5,1,3,2,2,2,2,2,2,4,2,2,3,3,NA,4,3,NA,NA,NA,NA,NA,NA,NA,NA,NA,NA
#8278BA40,95.5,A09819105,147,NA,NA,NA,NA,NA,NA,NA,NA,NA,NA,NA,NA,NA,NA,NA,NA,2,2,2,1,4,3,2,2,1,2,4,4,4,5,3,5,4,2,4,4,1,2,4,2,3,4,4,3,3,5,5,5,5,2,2,4,4,5,5,NA,2,1,2,2,NA,NA,NA,NA,3,1,3,1,2,2,1,NA,NA,NA,NA,NA,NA,NA,NA,2,2,1,4,4,3,2,5,2,3,4,3,2,2,3,3,2,2,3,3,1,2,1,3,1,4,NA,NA,NA,NA,NA,NA,NA,NA,NA,2,3,3,2,2,3,5,5,1,5,2,2,1,1,1,2,2,1,3,2,1,2,1,2,4,3,3,2,2,3,3,5,5,3,3,4,3,4,3
#82833839,46.5,A98418793,202,NA,NA,3,4,4,4,4,4,1,3,1,2,1,3,1,1,2,2,1,2,1,1,NA,1,1,4,NA,2,2,1,2,NA,NA,3,3,1,4,1,1,1,1,4,1,4,3,1,4,4,4,4,3,4,NA,1,1,1,2,2,NA,4,1,2,1,1,1,3,1,1,2,1,1,NA,NA,NA,NA,NA,NA,NA,NA,1,2,2,3,2,4,1,1,NA,1,2,2,3,3,3,4,4,4,NA,NA,NA,NA,NA,NA,NA,NA,3,2,2,1,1,1,1,2,2,2,2,4,NA,4,2,3,2,3,3,NA,2,1,1,NA,1,1,3,3,1,NA,1,1,1,1,1,NA,1,1,NA,NA,NA,NA,NA,NA,NA,NA,NA,NA
#82A83B11,86.5,A10248462,146,2,2,1,1,3,3,4,4,3,3,2,2,3,4,2,2,NA,NA,NA,NA,NA,NA,NA,NA,NA,NA,NA,NA,NA,NA,NA,NA,NA,NA,2,2,1,3,3,5,5,3,2,4,3,NA,1,1,4,1,1,4,4,1,4,4,2,1,1,2,2,2,3,1,1,3,2,2,5,3,3,NA,NA,NA,NA,NA,NA,NA,NA,1,3,3,3,2,2,3,3,NA,2,4,3,3,NA,2,2,1,3,2,1,NA,1,NA,1,1,1,NA,NA,NA,NA,NA,NA,NA,NA,NA,NA,NA,NA,NA,NA,NA,NA,NA,2,2,NA,1,1,2,2,2,3,3,3,1,NA,2,2,4,3,2,3,3,3,NA,NA,NA,1,1,2,3,3,2,1
#82AD7758,68,A09494953,162,2,2,4,1,1,3,2,2,2,5,2,2,3,3,5,5,3,5,5,4,3,3,2,2,1,4,4,4,4,NA,3,5,4,4,4,1,1,3,5,4,4,4,4,3,3,1,1,2,2,4,4,4,3,3,3,2,2,1,4,4,2,2,2,2,1,1,2,4,5,4,2,2,1,4,5,5,2,3,2,NA,NA,NA,NA,NA,NA,4,4,3,3,2,3,1,2,2,2,1,1,3,3,2,2,2,4,4,4,1,1,2,1,NA,1,3,2,2,2,3,3,4,4,2,2,2,5,5,2,1,4,1,2,1,1,2,NA,2,4,1,1,2,2,2,3,1,2,2,3,4,1,3,5,1,1,3,2
#82C8C58F,52,A10281566,192,2,2,1,1,2,3,2,2,3,3,2,2,3,3,1,1,NA,NA,NA,NA,NA,NA,NA,NA,NA,NA,NA,NA,NA,NA,NA,1,2,4,4,1,1,1,1,4,4,1,4,4,3,1,2,4,4,3,2,4,4,4,4,3,2,5,4,3,1,1,2,1,1,3,1,1,2,3,1,NA,NA,NA,NA,NA,NA,NA,NA,1,2,1,3,4,4,1,3,2,4,2,1,1,2,2,2,2,2,3,3,2,2,3,1,3,1,2,1,2,2,2,1,1,1,2,NA,NA,NA,NA,NA,NA,NA,NA,NA,NA,NA,NA,NA,NA,NA,NA,NA,NA,NA,NA,NA,NA,NA,NA,NA,NA,NA,NA,NA,NA,NA,NA,NA,NA,NA,NA,NA,NA,NA
#82D47F29,99,A10136631,117,NA,NA,NA,NA,NA,NA,NA,NA,NA,NA,NA,NA,NA,NA,NA,NA,NA,NA,NA,NA,NA,NA,NA,NA,NA,NA,NA,NA,NA,NA,NA,1,1,1,4,1,1,1,3,4,4,1,4,3,3,1,1,2,2,3,NA,4,4,5,5,3,2,1,5,5,2,4,2,2,2,4,4,1,1,2,2,1,1,5,5,5,2,3,5,1,3,3,3,2,2,5,3,1,1,2,1,NA,2,4,3,3,3,3,3,2,2,3,3,1,1,1,NA,3,2,2,2,2,2,2,1,1,1,1,1,3,2,2,5,3,2,1,2,3,3,1,4,3,3,3,1,2,2,1,1,2,1,1,2,2,2,3,4,NA,3,2,3,4,3
#82D797C2,96,A09933755,119,2,2,4,4,5,3,2,2,5,5,2,1,3,3,1,1,1,3,4,4,5,4,2,2,1,4,4,4,4,3,3,2,4,3,4,1,1,4,1,1,4,4,NA,5,3,3,3,1,1,4,3,4,4,5,5,2,2,1,4,4,3,3,5,2,3,1,1,1,1,1,2,3,2,5,5,5,2,2,2,2,2,3,3,5,5,2,2,3,3,2,3,2,2,1,1,3,3,4,4,1,1,1,4,2,2,3,5,5,1,1,2,2,5,2,2,NA,3,1,5,NA,2,2,5,5,2,3,3,5,5,3,3,3,2,NA,NA,NA,NA,NA,NA,NA,NA,NA,NA,NA,NA,NA,NA,NA,NA,NA,NA,NA,NA
#82D9DD86,93,A97027128,140,NA,NA,NA,NA,NA,NA,NA,NA,NA,NA,NA,NA,NA,NA,NA,NA,3,5,4,4,3,3,5,2,1,3,4,4,4,3,3,NA,1,4,4,1,1,5,5,3,3,4,4,2,3,1,1,2,2,1,5,3,3,4,5,2,2,1,4,4,1,2,4,2,3,3,3,2,5,3,3,1,NA,1,1,NA,1,3,2,NA,NA,NA,NA,NA,NA,1,1,1,1,1,NA,2,2,4,3,3,3,2,1,NA,1,NA,1,1,1,1,1,2,1,NA,1,3,2,2,1,5,4,4,4,2,4,2,5,5,NA,3,1,2,3,3,3,2,2,1,NA,4,4,3,3,3,3,3,3,2,3,1,1,1,5,1,1,3,2
#82E74E2B,84,A09559852,151,NA,NA,2,4,2,3,2,2,3,3,2,2,3,3,5,1,2,5,4,5,2,4,2,2,1,4,4,3,4,3,3,1,2,2,4,1,1,4,4,5,4,1,4,3,NA,4,4,2,1,2,2,4,4,3,3,2,2,1,2,2,NA,NA,NA,NA,NA,NA,NA,NA,NA,NA,NA,1,1,5,5,5,2,2,5,2,2,3,3,1,1,1,3,2,2,1,NA,1,NA,NA,3,3,1,3,3,2,2,3,3,1,1,2,2,2,4,4,1,1,3,3,3,1,1,4,2,2,5,5,1,5,NA,4,5,3,3,2,3,3,3,2,3,2,1,2,2,3,3,3,3,2,4,1,1,4,4,2,4,3,1
#82E895FF,76.5,A10261206,157,2,2,2,2,5,4,2,2,4,1,2,2,3,3,5,2,NA,NA,1,1,3,1,2,2,1,4,NA,4,4,3,3,5,5,2,4,1,1,2,2,1,4,4,4,1,3,2,NA,2,2,2,2,4,4,3,3,2,2,1,4,4,2,2,1,2,4,4,2,1,1,4,4,NA,NA,NA,NA,NA,NA,NA,NA,3,3,2,NA,3,1,3,3,2,2,3,3,2,2,5,2,3,3,2,3,2,2,3,3,5,5,2,4,5,4,4,4,4,3,3,1,3,3,3,4,5,1,4,5,5,NA,NA,NA,NA,NA,1,3,3,NA,1,1,1,3,1,1,3,3,3,2,3,4,3,4,NA,3,3,3,1,2
#82EAC0A8,84.5,A10210333,155,NA,NA,NA,NA,NA,NA,NA,NA,NA,NA,NA,NA,NA,NA,NA,NA,NA,NA,NA,NA,NA,NA,1,NA,1,5,4,4,NA,3,3,5,2,3,1,2,2,4,NA,4,4,4,4,4,3,5,3,3,3,3,3,4,4,5,5,2,2,1,3,4,NA,NA,NA,NA,NA,NA,NA,NA,NA,NA,NA,NA,NA,NA,NA,NA,NA,NA,NA,NA,NA,NA,NA,NA,NA,2,3,3,3,3,3,2,2,3,3,2,2,3,3,3,NA,3,4,3,4,NA,NA,NA,3,NA,1,3,2,2,1,NA,2,4,4,2,2,2,5,5,2,3,3,2,2,4,4,2,NA,1,NA,1,1,2,3,4,4,2,NA,3,3,4,4,3,3,2,3,2,2
#82ED3B54,94.5,A09603028,133,2,2,3,4,2,NA,2,2,4,3,2,1,3,3,4,1,3,5,5,5,3,4,3,2,1,3,4,4,4,3,3,1,2,4,4,1,1,1,4,4,4,4,4,3,3,2,1,2,1,2,2,4,4,4,3,1,2,1,4,2,3,1,1,2,2,4,3,2,2,3,4,2,1,5,5,5,2,2,5,NA,NA,NA,NA,NA,NA,1,3,3,2,3,4,3,2,2,4,1,2,3,3,2,2,1,3,3,1,NA,2,2,4,4,1,1,3,NA,3,1,2,4,3,2,3,4,1,5,2,5,3,2,3,3,3,2,3,2,3,3,1,5,5,3,3,2,3,4,4,3,1,2,3,2,4,2,1
#82F295E5,79.5,A10095825,172,NA,2,2,3,3,4,2,2,3,3,2,2,3,3,1,1,3,5,4,5,3,3,2,2,1,3,3,4,4,3,3,4,4,2,5,1,1,5,5,4,4,4,4,3,5,1,NA,2,2,3,4,4,4,3,4,2,2,1,4,4,NA,NA,NA,NA,NA,NA,NA,NA,NA,NA,NA,2,2,4,4,2,4,4,4,NA,NA,NA,NA,NA,NA,NA,NA,NA,NA,NA,NA,NA,NA,NA,NA,NA,NA,NA,NA,NA,NA,NA,NA,NA,NA,NA,NA,NA,NA,NA,NA,NA,NA,NA,NA,NA,NA,NA,NA,NA,NA,NA,NA,NA,NA,NA,NA,NA,NA,NA,NA,NA,NA,NA,NA,NA,NA,NA,NA,NA,NA,NA,NA,NA,NA,NA,NA,NA,NA,NA,NA,NA,NA
#82FAC3BB,100.5,A97086177,120,2,2,1,1,4,3,2,2,3,3,2,2,3,3,5,5,2,5,5,4,2,2,2,3,1,2,4,4,4,3,2,3,2,2,3,1,1,1,1,4,4,2,4,3,5,1,1,1,2,4,4,3,3,2,5,2,2,1,4,4,2,NA,1,1,3,4,2,2,2,2,4,2,1,1,1,4,1,1,2,3,2,3,3,2,3,5,NA,4,5,3,3,2,2,2,3,2,1,2,1,2,2,1,3,1,2,4,4,5,NA,4,1,2,2,2,2,2,2,2,1,1,3,4,4,4,2,5,5,3,2,2,2,NA,1,2,3,2,2,4,4,3,3,2,3,3,3,3,1,1,1,2,2,2,2
#83033BBB,87,A10071957,126,2,NA,4,1,2,3,2,2,1,3,3,2,3,3,5,1,2,2,4,4,3,3,3,2,1,5,4,4,4,1,5,5,5,1,4,1,1,4,4,4,4,4,4,2,3,4,4,3,3,3,3,5,4,3,4,2,2,1,4,4,2,2,2,2,2,2,1,2,1,1,4,1,1,4,1,3,NA,3,2,NA,2,NA,4,NA,NA,5,5,1,3,2,3,2,2,3,3,3,3,3,1,3,2,3,3,1,1,2,2,2,4,NA,2,2,2,3,1,1,1,1,1,3,3,2,1,5,NA,NA,NA,NA,NA,NA,NA,NA,NA,3,3,2,1,3,2,3,3,3,3,3,3,3,3,2,3,NA,5,NA,3
#831731A5,77,A10166030,165,NA,1,2,1,1,3,3,3,4,2,5,2,4,3,1,1,1,2,5,1,3,3,2,2,1,5,5,2,3,1,2,NA,NA,NA,1,1,1,4,4,5,5,4,4,1,1,NA,1,4,4,1,1,4,4,4,4,4,2,1,1,4,1,1,1,2,1,3,3,2,2,2,1,NA,NA,NA,NA,NA,NA,NA,NA,1,3,2,1,4,3,1,1,1,2,3,3,2,2,4,3,2,2,2,1,NA,1,NA,1,1,1,1,1,2,1,NA,1,3,2,2,1,5,4,4,4,2,4,2,5,5,NA,2,1,3,2,2,1,1,1,1,NA,2,2,3,3,3,3,3,3,NA,1,1,2,1,1,1,2,1,1
#83AE8EA3,93.5,A97028480,127,2,2,3,1,2,2,3,3,3,3,2,2,5,3,1,NA,3,3,4,4,4,3,3,2,1,5,4,4,4,4,4,NA,NA,NA,NA,NA,NA,NA,NA,NA,NA,NA,NA,NA,NA,2,2,2,5,3,3,4,4,4,3,4,2,1,2,4,2,2,3,3,2,1,2,5,2,3,2,2,1,2,3,3,1,3,3,2,2,3,3,4,2,1,1,2,5,4,4,2,2,2,2,2,2,3,3,3,2,4,3,4,3,2,5,5,1,1,1,1,NA,3,NA,NA,NA,NA,NA,NA,NA,NA,NA,NA,NA,NA,NA,NA,NA,NA,NA,NA,NA,1,1,4,3,2,2,4,3,2,2,4,4,3,1,3,5,4,1,1,1
#840E6BE1,85,A09659850,150,NA,NA,NA,NA,NA,NA,NA,NA,NA,NA,NA,NA,NA,NA,NA,NA,NA,5,4,4,1,3,4,5,4,4,4,4,4,3,3,1,2,1,2,1,1,5,5,4,4,4,4,3,5,1,2,2,2,5,5,3,3,3,3,1,2,1,2,3,2,1,1,2,4,4,1,1,3,3,3,1,2,3,4,2,3,3,3,3,3,3,3,3,3,3,5,NA,5,4,3,1,2,1,1,3,4,2,3,3,2,3,2,4,2,NA,NA,NA,NA,NA,NA,NA,NA,NA,1,2,1,2,4,4,3,4,1,5,1,1,1,1,1,1,1,3,2,NA,NA,NA,NA,NA,NA,NA,NA,NA,NA,1,1,1,2,2,3,1,NA,2,1
#84108B1F,66.5,A08937307,193,2,NA,1,1,3,2,2,2,3,3,2,2,3,3,5,1,1,3,5,5,2,2,3,3,1,4,4,4,4,4,3,2,2,2,4,4,2,1,1,1,4,4,4,3,3,4,4,2,1,3,2,4,NA,4,4,3,2,2,3,3,1,2,3,1,1,4,4,1,4,3,5,2,2,5,5,5,2,2,NA,3,2,2,3,3,3,1,3,2,2,3,3,3,2,3,4,1,1,4,4,2,2,3,3,1,1,1,2,2,1,1,4,3,2,2,3,3,2,5,2,2,5,5,3,3,2,4,4,2,3,5,3,3,3,2,5,3,2,1,2,2,2,4,4,5,4,3,3,2,5,4,4,1,1
#84214AEF,84.5,A07990635,148,2,2,1,1,3,3,2,2,3,3,1,1,3,3,1,1,3,5,4,4,3,3,2,2,1,4,4,4,4,1,2,2,2,4,4,1,1,1,1,3,4,4,4,4,4,NA,NA,NA,NA,NA,NA,NA,NA,NA,NA,NA,NA,NA,NA,NA,1,1,3,3,4,4,2,1,NA,3,2,1,2,3,4,4,2,2,2,NA,NA,NA,NA,NA,NA,NA,NA,NA,NA,NA,NA,NA,NA,NA,NA,NA,NA,NA,NA,NA,NA,NA,NA,NA,NA,NA,NA,NA,NA,NA,NA,NA,NA,NA,2,2,2,2,2,1,3,3,1,1,NA,NA,NA,NA,NA,NA,NA,NA,NA,2,2,3,3,3,2,3,3,2,4,NA,NA,NA,NA,NA,NA,NA,NA,NA,NA
#84465E9C,87.5,A09580189,135,2,2,3,1,3,3,2,2,3,3,1,1,3,3,5,1,3,3,5,3,2,2,2,3,1,4,5,4,4,1,1,4,4,3,3,1,1,3,3,1,4,4,4,NA,5,2,2,2,2,5,2,4,4,4,4,NA,2,1,3,3,1,1,2,2,3,4,3,3,2,5,4,2,2,1,4,4,2,2,3,3,3,3,3,4,4,3,3,2,2,2,2,2,2,1,2,2,2,2,3,2,2,2,3,2,2,NA,NA,NA,NA,NA,NA,NA,NA,NA,1,1,1,2,3,2,2,2,5,5,2,3,3,1,3,2,2,2,3,2,2,2,2,1,2,3,3,2,4,3,3,4,4,3,2,4,5,2,1
#84467DBF,73,A98418529,170,NA,NA,1,1,2,4,3,3,3,3,2,2,2,2,5,5,1,1,3,3,3,1,2,2,1,5,5,4,4,5,5,3,1,2,4,4,1,5,2,3,3,2,3,5,5,3,3,NA,3,3,3,4,4,2,3,3,4,4,1,1,4,2,2,4,4,4,4,1,1,4,4,3,2,2,3,3,NA,3,3,1,2,2,2,4,3,3,2,2,3,3,3,2,2,2,2,2,2,NA,2,2,2,3,4,3,2,NA,NA,NA,2,3,1,2,2,2,NA,NA,NA,NA,NA,NA,NA,NA,NA,NA,NA,NA,NA,1,2,2,1,2,2,1,1,5,5,5,5,2,4,3,2,2,3,1,2,1,5,2,2,5,5
#84651FFE,79,A10579386,145,2,2,1,1,3,3,2,2,1,1,2,1,5,3,4,1,3,3,5,5,2,3,4,2,1,4,4,4,4,3,3,NA,NA,4,1,1,1,2,3,4,4,1,4,5,5,2,1,4,4,2,2,4,4,2,2,1,1,1,4,4,1,1,2,2,1,1,3,2,2,2,2,1,1,5,4,5,2,2,2,2,2,3,3,1,3,1,1,1,3,2,4,2,2,1,1,1,1,2,2,2,2,4,4,1,5,3,3,5,1,1,1,1,1,2,1,1,1,1,3,1,4,2,4,4,1,1,1,2,4,4,4,4,4,2,2,2,5,4,4,NA,3,2,4,3,5,3,1,2,5,1,2,1,1
#84713ACF,89.5,A09819627,125,1,2,3,3,2,3,2,2,3,3,2,1,5,3,1,1,3,3,4,4,3,3,2,2,1,3,4,4,4,3,3,NA,NA,NA,NA,NA,NA,NA,NA,NA,NA,NA,NA,NA,NA,3,4,4,4,4,3,4,4,4,4,2,2,1,4,4,NA,NA,NA,NA,NA,NA,NA,NA,NA,NA,NA,2,2,3,3,4,1,2,3,NA,NA,NA,NA,NA,NA,NA,NA,NA,NA,NA,NA,NA,NA,NA,NA,NA,NA,3,3,2,2,1,1,1,1,NA,NA,NA,NA,NA,NA,NA,NA,NA,NA,NA,NA,NA,NA,NA,NA,NA,NA,NA,2,2,3,3,3,1,1,2,2,NA,NA,NA,NA,NA,NA,NA,NA,NA,NA,3,3,3,3,5,5,1,1,1,1
#8472A254,54,A98416501,195,2,2,1,1,2,5,3,NA,2,1,1,1,3,3,4,1,1,3,3,3,2,3,3,1,1,3,3,3,4,5,1,4,1,4,4,1,1,1,1,2,4,4,4,5,5,2,2,2,2,3,3,3,5,3,1,1,2,1,4,4,1,1,3,2,1,4,3,1,1,1,1,NA,NA,NA,NA,NA,NA,NA,NA,2,3,4,3,1,1,1,1,3,3,3,3,3,3,1,4,4,4,NA,NA,NA,NA,NA,NA,NA,NA,NA,NA,NA,NA,NA,NA,NA,NA,NA,1,1,1,1,1,2,1,1,1,5,NA,NA,NA,4,1,1,1,1,4,1,3,3,3,1,2,1,3,1,1,4,3,3,5,1,1,1,1,2,1
#84736592,96,A98070859,123,2,2,4,NA,2,3,2,2,3,3,1,NA,2,3,5,1,1,5,2,2,1,2,2,2,1,1,4,4,4,1,2,2,NA,1,3,1,1,4,3,4,4,1,NA,2,2,2,1,4,4,4,4,3,3,4,NA,2,2,1,4,4,1,2,1,1,4,4,1,2,NA,3,4,1,1,1,1,4,1,1,2,NA,NA,NA,NA,NA,NA,NA,NA,NA,NA,NA,NA,NA,NA,NA,NA,NA,NA,2,3,2,2,1,NA,1,1,1,4,5,1,4,1,2,2,2,3,NA,1,1,2,1,1,1,2,4,NA,NA,5,1,2,1,2,2,2,2,3,1,2,1,3,1,3,1,1,2,3,1,2,2,3,1,2,2,2
#84752BDA,98,A10629461,118,2,2,1,1,2,2,1,2,2,3,2,2,5,3,5,2,3,5,1,1,3,3,2,5,1,4,4,4,4,1,3,2,5,4,4,2,1,4,1,5,5,4,4,3,3,1,1,4,4,2,3,4,4,4,4,2,2,1,1,4,2,2,5,2,1,4,3,2,1,2,2,1,1,5,4,3,3,3,2,2,2,3,3,4,5,3,3,3,4,2,3,2,2,5,2,1,3,3,3,2,2,2,3,3,3,3,3,2,4,4,2,2,2,2,NA,NA,NA,NA,NA,NA,NA,NA,NA,NA,2,1,3,1,1,1,1,1,3,1,1,2,3,2,4,3,3,2,4,3,3,4,4,2,3,1,1,1,1
#84875754,100,A10785101,114,5,2,3,3,2,2,2,2,1,3,NA,2,3,3,2,1,NA,3,4,4,3,3,4,3,5,4,4,4,4,3,3,4,4,1,1,1,1,4,4,5,4,4,4,5,5,1,1,2,2,4,3,4,4,1,4,2,2,1,4,4,2,5,2,5,2,2,4,2,2,2,4,2,2,3,4,5,2,2,2,2,2,3,3,5,5,1,3,2,2,3,3,2,2,2,NA,3,3,2,3,2,2,2,3,1,1,5,5,5,3,4,1,2,3,2,1,3,1,1,3,5,4,5,4,5,NA,NA,3,3,3,1,5,2,3,4,3,2,2,2,2,2,2,2,2,3,3,4,1,1,3,4,4,1,1
#84C4F8B8,67.5,A98115479,181,2,2,1,NA,2,2,2,2,2,2,2,2,NA,2,2,2,3,3,1,5,2,3,2,2,2,2,3,1,4,3,3,1,4,2,1,3,1,2,5,3,3,2,2,1,3,2,4,4,1,2,4,3,3,1,2,1,2,2,3,3,NA,NA,NA,NA,NA,NA,NA,NA,NA,NA,NA,NA,2,3,3,3,2,2,3,NA,NA,NA,NA,NA,NA,1,1,3,3,1,1,1,2,3,3,4,4,3,3,2,2,4,NA,2,2,1,2,2,1,5,1,2,1,1,NA,NA,NA,NA,NA,NA,NA,NA,NA,NA,2,3,NA,NA,3,1,2,NA,3,2,1,1,1,2,2,4,3,2,2,3,3,2,2,1,1,2,2,2,2
#84D26533,104.5,A10981852,116,2,2,1,1,4,3,2,2,3,3,1,2,5,3,4,1,3,5,4,4,2,3,2,NA,2,4,4,3,4,3,NA,2,2,3,4,1,1,4,3,4,4,4,4,3,3,NA,NA,NA,NA,NA,NA,NA,NA,NA,NA,NA,NA,NA,NA,NA,NA,NA,NA,NA,NA,NA,NA,NA,NA,NA,NA,2,2,5,5,5,1,3,2,1,2,3,3,1,3,3,3,4,5,2,3,2,2,4,3,1,1,4,3,2,2,3,3,2,3,NA,NA,1,4,4,2,3,2,NA,1,NA,2,1,1,5,1,NA,1,4,NA,3,1,1,3,4,4,1,1,3,1,1,1,2,5,2,2,2,2,3,3,4,4,5,5,3,3,1,1
#850936BA,70,A10847508,173,2,NA,1,1,3,3,2,2,3,1,1,1,2,3,1,1,NA,NA,NA,NA,NA,NA,NA,NA,NA,NA,NA,NA,NA,NA,NA,NA,NA,NA,NA,NA,NA,NA,NA,NA,NA,NA,NA,NA,NA,NA,NA,NA,NA,NA,NA,NA,NA,NA,NA,NA,NA,NA,NA,NA,4,2,4,2,3,4,1,1,1,4,4,2,2,5,5,5,3,3,3,2,NA,3,3,2,4,NA,NA,NA,NA,NA,NA,NA,NA,NA,NA,NA,NA,NA,NA,2,NA,2,3,1,1,NA,NA,NA,NA,NA,NA,NA,NA,NA,NA,NA,NA,NA,NA,NA,NA,NA,NA,NA,2,4,NA,2,3,3,3,2,3,2,4,1,1,2,2,NA,3,1,4,3,4,1,NA,1,5,4,4,4,NA
#8526D073,49,A09433915,191,NA,NA,NA,NA,NA,NA,NA,NA,NA,NA,NA,NA,NA,NA,NA,NA,NA,NA,NA,NA,NA,NA,NA,NA,NA,NA,NA,NA,NA,NA,NA,2,2,1,1,2,2,1,1,2,4,4,4,4,1,2,2,5,5,1,3,3,3,2,4,2,2,1,3,3,2,1,1,1,4,3,3,3,4,1,1,3,3,3,3,3,1,3,2,2,2,3,3,3,4,NA,NA,NA,NA,NA,NA,NA,NA,NA,NA,NA,NA,4,3,2,2,1,1,3,3,1,NA,NA,1,2,3,1,2,2,1,2,2,2,2,2,5,5,5,2,1,3,3,2,3,2,1,2,3,3,4,2,3,2,2,2,2,2,2,2,4,2,5,1,2,3,2,3,1
#852B812F,92,A97421703,130,2,2,4,4,4,3,2,4,3,3,2,2,3,3,1,1,2,3,4,4,3,3,5,NA,1,4,4,4,4,3,1,4,4,1,4,1,1,1,1,2,2,4,4,5,3,1,1,5,5,2,2,3,3,2,4,2,2,3,3,3,2,2,2,2,4,4,4,1,1,2,2,2,2,5,1,5,3,3,2,2,2,3,3,4,4,3,3,4,4,3,2,2,2,5,5,4,4,2,2,2,2,3,3,5,5,NA,NA,NA,NA,NA,NA,NA,NA,NA,1,1,1,1,5,5,2,2,5,5,1,2,2,3,NA,4,4,3,3,1,NA,5,5,1,1,3,3,2,2,NA,NA,NA,NA,NA,NA,NA,NA,NA,NA
#852EFC57,83.5,A10944021,136,2,2,4,1,3,3,2,2,3,3,2,2,5,3,4,2,3,5,2,4,3,3,3,2,1,4,4,4,4,5,5,5,5,4,4,2,2,4,5,2,4,4,4,3,3,1,1,2,2,3,2,4,4,4,3,2,2,1,4,4,2,1,2,2,NA,4,4,1,1,5,4,1,2,3,3,5,2,3,2,3,2,3,3,4,2,1,1,1,1,1,3,2,2,4,1,1,3,4,3,3,2,1,3,2,1,3,2,5,4,4,2,3,2,2,1,1,4,1,3,5,2,2,3,3,2,3,5,NA,1,2,2,4,4,1,1,3,2,2,5,3,3,5,5,3,5,4,4,5,5,3,3,2,1
#8545B979,101.5,A10195300,107,NA,NA,NA,NA,NA,NA,NA,NA,NA,NA,NA,NA,NA,NA,NA,NA,NA,NA,NA,NA,NA,NA,NA,NA,NA,NA,NA,NA,NA,NA,NA,4,4,4,4,1,1,4,1,3,2,4,4,5,3,3,1,2,5,2,2,3,3,1,4,1,2,1,4,5,2,2,2,2,4,4,2,3,1,5,5,2,2,4,5,5,5,3,2,2,2,3,3,5,NA,5,5,3,3,4,3,3,2,2,2,5,5,3,2,2,NA,4,3,1,1,5,5,5,4,4,4,4,2,2,NA,NA,NA,NA,NA,NA,NA,NA,NA,NA,NA,3,3,3,3,3,2,2,2,4,1,5,5,3,2,3,3,2,2,3,5,1,1,5,5,1,1,1,1
#856A25CA,107,A09364424,104,2,2,1,1,3,3,2,2,3,3,1,1,5,3,1,1,3,3,4,4,3,3,2,2,1,5,4,4,4,3,3,5,5,4,4,1,1,5,5,4,4,4,4,3,5,2,2,2,2,2,2,4,4,3,3,2,2,1,3,3,4,4,2,2,4,4,4,1,1,3,3,1,2,5,5,5,3,3,2,2,2,3,3,1,2,2,1,4,4,3,2,2,2,2,2,3,3,5,5,1,1,3,3,1,1,4,5,5,4,4,1,2,2,2,3,1,3,2,5,5,2,2,5,2,1,5,5,2,2,3,4,3,3,2,5,1,1,1,5,3,3,3,5,3,4,3,3,3,3,3,3,5,5
#856A7897,59.5,A08987672,180,NA,NA,NA,NA,NA,NA,NA,NA,NA,NA,NA,NA,NA,NA,NA,NA,2,5,2,2,3,3,2,5,3,4,4,2,4,1,1,4,4,5,4,1,1,1,1,2,2,4,4,2,3,1,1,5,5,3,2,3,3,4,4,1,2,1,4,4,2,2,2,2,1,4,3,4,4,4,4,2,2,5,5,5,4,NA,3,5,2,3,3,4,5,3,3,3,5,1,1,2,2,5,5,1,1,2,2,2,2,2,3,1,1,3,5,5,4,4,4,4,2,2,2,2,4,1,4,2,2,2,3,3,NA,2,2,3,3,2,1,2,2,2,2,2,2,2,2,4,3,1,2,NA,NA,NA,NA,NA,NA,NA,NA,NA,NA
#856E36DD,51.5,A10644536,197,2,2,3,2,2,2,2,2,3,NA,3,1,3,3,2,2,2,3,1,1,3,3,2,2,1,4,3,2,4,3,3,NA,NA,NA,NA,NA,NA,NA,NA,NA,NA,NA,NA,NA,NA,2,2,5,5,4,4,3,3,2,3,3,2,2,1,2,2,NA,2,2,2,NA,NA,2,1,2,NA,1,1,4,4,NA,2,2,NA,5,2,3,NA,3,3,1,1,3,3,1,1,NA,NA,NA,1,NA,NA,4,4,2,2,2,4,2,4,1,2,2,1,NA,NA,3,2,2,NA,NA,NA,NA,NA,NA,NA,NA,NA,NA,NA,NA,NA,NA,NA,NA,NA,NA,NA,2,2,3,3,2,2,NA,NA,3,3,2,2,2,2,2,1,NA,2,NA,NA
#85A07F5A,84,A11636690,149,1,2,2,1,3,4,4,2,3,3,2,2,3,3,5,1,3,5,2,3,1,3,2,2,1,4,NA,4,4,2,2,NA,4,1,NA,2,2,4,4,4,4,4,4,3,3,2,2,2,2,2,2,4,4,4,5,1,2,5,3,4,2,2,1,2,3,3,3,2,4,4,4,5,2,2,2,3,2,3,3,1,2,1,1,3,3,3,3,1,2,2,3,3,3,3,3,1,1,3,3,2,3,1,4,2,1,2,3,5,4,3,3,NA,2,2,1,NA,2,2,3,2,1,2,1,NA,1,4,3,3,4,2,2,1,3,2,2,3,3,2,2,1,1,2,4,3,3,4,1,3,2,3,2,3,2
#85B10236,83,A11019436,143,2,2,1,1,3,3,3,3,3,NA,5,1,3,3,1,1,3,3,2,4,4,4,2,2,1,4,4,4,4,3,3,4,4,5,1,1,1,1,2,1,4,4,4,5,5,2,2,2,2,3,2,3,3,1,3,NA,2,1,3,3,2,2,4,4,2,4,1,4,4,4,4,4,1,3,3,5,1,3,5,2,NA,3,3,3,3,4,1,2,NA,3,2,2,2,1,1,1,3,2,3,2,2,3,3,5,5,2,2,5,4,4,4,4,1,2,1,1,1,1,4,4,4,4,4,NA,1,4,1,3,3,5,3,1,3,1,1,1,3,4,1,3,3,2,3,3,3,3,3,3,3,1,1,1,1
#85C7ECAE,96.5,A10531706,137,2,2,2,1,3,3,3,3,3,3,2,2,2,3,2,2,NA,NA,NA,NA,NA,NA,NA,NA,NA,NA,NA,NA,NA,NA,NA,3,4,2,4,1,1,4,5,4,4,3,4,2,3,3,3,2,2,1,2,4,4,1,1,NA,NA,1,4,4,2,2,2,5,NA,4,3,1,1,2,2,2,3,3,3,3,2,3,3,NA,NA,NA,NA,NA,NA,2,3,2,3,3,3,3,2,3,1,3,3,3,3,2,2,1,5,3,1,5,5,NA,4,4,3,2,3,3,2,2,1,1,5,5,2,2,4,5,NA,2,3,1,1,NA,3,2,3,1,2,3,1,2,4,3,2,4,NA,4,5,3,1,5,NA,4,1,NA,1
#85CC89C0,118.5,A09960753,100,2,2,1,1,2,3,2,2,3,3,2,1,3,3,1,1,3,3,4,4,3,3,2,2,1,4,4,4,4,3,3,5,5,4,4,1,1,5,5,4,4,4,4,4,5,1,2,2,2,3,3,4,4,3,3,2,2,1,1,4,2,2,2,2,4,4,1,1,1,2,2,2,2,4,5,5,3,3,2,3,2,3,3,3,3,3,3,4,4,3,3,2,2,3,NA,4,4,3,4,2,2,3,3,1,1,NA,NA,NA,NA,NA,NA,NA,NA,NA,1,1,1,5,5,5,5,5,NA,NA,1,2,2,3,3,5,4,3,3,1,1,1,1,5,2,3,3,2,2,5,3,4,4,4,4,1,5,3,1
#85E3096F,63,A98416981,183,2,2,3,1,2,2,4,2,3,3,2,2,2,3,2,1,3,3,1,1,5,3,2,2,2,3,3,4,4,4,4,4,4,3,4,1,1,4,4,3,4,4,4,4,5,1,3,4,3,3,3,4,4,4,4,2,2,1,2,2,2,1,2,2,2,2,4,1,3,4,4,1,1,4,4,5,3,3,4,NA,NA,NA,NA,NA,NA,1,1,3,3,3,3,2,2,2,3,3,3,2,NA,2,NA,2,2,4,4,1,1,1,1,1,1,1,NA,1,1,2,4,1,2,3,2,2,3,3,1,3,2,2,2,3,1,2,1,3,1,2,2,2,4,2,2,2,4,3,3,3,1,4,5,4,4,2,1
#85EA335C,107,A11051971,105,2,2,1,1,3,3,2,2,3,3,NA,1,3,3,1,1,3,3,4,4,3,3,3,3,1,4,4,4,4,3,3,NA,NA,NA,NA,1,1,5,5,5,5,1,4,3,3,1,1,2,2,3,3,3,3,3,3,2,2,1,4,4,2,2,1,2,3,4,4,1,1,4,4,2,2,5,5,5,3,3,2,2,2,3,3,1,4,1,1,1,1,2,2,2,2,2,3,3,3,3,3,3,3,3,3,3,3,5,5,5,3,4,2,NA,2,2,1,1,2,1,2,3,2,2,5,4,2,3,3,3,NA,3,3,3,3,NA,NA,NA,NA,NA,NA,NA,NA,NA,NA,3,3,3,3,3,3,3,3,3,3
#85FF1B61,46.5,A11017315,200,2,2,4,NA,4,4,3,2,4,3,2,2,3,NA,NA,1,3,NA,2,3,3,3,3,2,1,1,4,4,4,5,4,4,4,NA,4,1,NA,4,NA,5,4,4,NA,3,3,1,1,4,4,3,3,4,4,2,NA,2,2,1,4,4,4,NA,1,2,NA,4,2,4,4,5,5,2,2,4,5,3,2,NA,2,3,2,3,NA,3,NA,3,3,3,3,3,3,3,4,1,1,1,1,3,4,2,2,2,2,2,2,2,3,2,4,4,1,2,3,3,3,2,NA,4,NA,2,4,4,4,4,NA,NA,1,NA,3,NA,2,2,2,3,3,2,3,4,4,1,3,3,3,1,NA,3,3,2,5,1,1,2,1
#860C0288,77,A10954259,158,NA,NA,NA,NA,NA,NA,NA,NA,NA,NA,NA,NA,NA,NA,NA,NA,NA,NA,NA,NA,NA,NA,1,NA,1,2,4,4,4,3,3,NA,NA,NA,NA,NA,NA,1,1,5,5,4,4,5,3,1,1,2,2,1,5,3,2,4,4,2,2,1,4,4,1,2,5,2,4,NA,1,1,1,4,4,2,2,1,1,NA,1,1,2,NA,NA,NA,NA,NA,NA,1,1,1,1,1,NA,2,2,4,3,3,3,2,1,NA,1,NA,1,1,1,1,1,2,1,NA,1,3,2,2,1,5,4,4,4,2,4,2,5,5,NA,3,NA,NA,NA,NA,NA,NA,NA,NA,NA,NA,NA,NA,1,2,2,2,2,NA,NA,NA,NA,NA,NA,NA,1,3,4
#861555C6,71.5,A10654147,171,NA,NA,NA,NA,NA,NA,NA,NA,NA,NA,NA,NA,NA,NA,NA,NA,1,3,2,4,3,3,3,NA,2,4,4,1,3,3,3,4,4,1,4,4,4,4,4,4,4,4,4,5,5,NA,2,4,1,1,1,1,4,1,1,1,1,1,3,1,1,1,1,1,4,4,2,5,5,1,1,1,1,4,4,4,5,5,3,2,2,2,3,3,2,3,3,3,3,3,3,4,4,3,2,2,2,4,4,2,2,4,4,4,4,1,1,1,1,1,1,1,NA,NA,1,2,2,1,3,4,4,4,3,3,2,3,NA,1,4,1,2,1,2,3,3,4,3,2,2,3,3,4,4,2,3,4,3,4,5,2,4,3,1
#862D8D26,105.5,A10533705,110,2,2,1,1,4,3,2,2,3,3,2,2,3,3,1,1,3,5,3,4,1,4,2,2,1,2,4,4,4,NA,3,2,4,1,4,1,1,5,5,4,4,4,4,2,3,1,1,2,2,1,2,4,NA,5,3,2,2,1,4,4,2,2,5,2,4,4,4,1,1,5,5,2,2,3,3,5,2,3,2,2,2,3,3,2,4,1,1,1,2,3,3,2,2,3,1,3,3,4,3,2,2,3,3,1,1,4,4,5,4,4,3,3,2,2,1,3,1,1,5,5,2,2,1,4,2,1,4,1,3,2,2,2,2,1,1,2,1,4,4,3,3,1,2,3,3,4,4,5,5,4,3,1,1
#8630D660,88.5,A98070953,144,NA,NA,NA,NA,NA,NA,NA,NA,NA,NA,NA,NA,NA,NA,NA,NA,3,3,4,NA,5,4,2,2,2,2,2,4,4,3,3,4,4,4,4,1,1,NA,4,3,3,1,4,5,3,2,2,2,2,2,2,5,5,5,5,1,2,1,3,4,2,2,3,2,4,4,4,5,5,3,3,NA,NA,NA,NA,NA,NA,NA,NA,NA,NA,NA,NA,NA,NA,NA,NA,NA,NA,NA,NA,NA,NA,NA,NA,NA,NA,5,4,2,NA,3,2,4,1,NA,NA,NA,NA,NA,NA,NA,NA,NA,NA,NA,NA,NA,NA,NA,NA,NA,NA,NA,1,2,3,3,3,1,2,2,2,NA,NA,NA,NA,NA,NA,NA,NA,NA,NA,3,3,4,4,4,4,3,2,2,2
#87A04F68,73.5,A11543763,169,2,2,1,1,2,3,2,2,1,3,2,NA,3,3,1,1,2,3,5,5,3,3,2,2,1,5,4,4,4,4,4,4,4,1,4,1,1,2,4,3,4,4,4,4,3,3,3,1,4,1,3,4,4,2,5,2,2,1,2,4,2,2,1,1,1,1,1,2,2,3,1,3,2,1,3,3,1,2,5,2,2,3,3,2,4,3,3,2,3,3,3,2,2,3,3,3,3,2,2,2,2,2,4,1,1,2,2,5,4,4,2,2,1,2,2,2,3,1,2,3,5,2,4,2,2,2,3,3,3,3,3,3,3,2,2,2,2,2,1,2,2,2,2,2,4,2,3,2,5,1,1,2,1
#8989C9C9,56.5,A08726238,198,1,3,3,3,1,3,3,4,3,NA,2,2,1,3,3,1,2,NA,3,3,3,3,3,2,2,2,NA,3,3,3,3,NA,NA,NA,NA,NA,NA,NA,NA,NA,NA,NA,NA,NA,NA,2,2,4,3,3,3,2,2,3,3,2,2,3,2,3,NA,NA,NA,NA,NA,NA,NA,NA,NA,NA,NA,NA,NA,NA,NA,NA,NA,NA,NA,2,3,3,3,3,3,1,2,NA,3,3,2,3,NA,3,4,4,4,NA,NA,NA,NA,NA,NA,NA,NA,2,2,2,1,1,1,1,2,2,2,2,4,NA,4,2,2,2,3,3,NA,2,2,1,1,2,1,2,2,1,5,1,1,1,1,1,3,1,1,NA,NA,NA,NA,NA,NA,NA,NA,NA,NA
#8AB35069,69,A10583640,159,NA,NA,NA,NA,NA,NA,NA,NA,NA,NA,NA,NA,NA,NA,NA,NA,5,3,1,5,1,4,1,1,1,3,3,4,4,3,3,1,1,1,1,1,1,4,5,4,4,4,4,3,3,1,2,3,4,3,3,4,4,4,4,2,2,1,4,4,1,1,2,NA,1,1,1,1,3,2,NA,1,2,3,3,3,2,2,3,5,2,3,NA,3,3,2,2,2,2,2,2,4,4,1,1,3,3,3,3,2,2,5,3,4,4,5,5,5,3,2,1,1,1,1,2,2,1,1,1,3,NA,1,NA,1,2,2,2,3,3,2,NA,2,2,2,2,2,3,1,1,3,1,3,2,2,2,3,3,5,5,3,3,NA,4
#8AC4E8A6,70.5,A10297436,178,2,2,1,1,1,2,3,2,3,3,1,1,2,3,4,1,2,3,5,4,1,3,NA,2,1,3,4,4,4,3,3,4,4,3,3,2,1,2,2,4,4,4,4,3,5,1,2,4,4,2,2,4,4,3,3,2,2,1,4,2,1,NA,1,3,1,1,NA,2,4,1,3,1,2,3,1,3,4,4,1,3,2,2,NA,4,2,1,1,2,NA,2,NA,3,NA,4,1,2,3,4,NA,3,NA,3,3,4,NA,2,NA,5,4,4,2,2,2,1,1,2,1,2,4,1,2,1,1,1,2,1,1,3,2,3,2,2,1,2,1,2,2,3,3,2,NA,3,2,1,3,1,3,2,3,3,4,2,2
#8B1956C4,46.5,A10625099,199,1,1,1,1,4,4,4,3,2,2,1,1,4,4,1,NA,1,1,2,1,2,1,1,2,2,5,1,1,2,1,2,1,1,2,2,2,2,3,2,3,3,3,2,1,2,1,2,2,2,2,2,1,1,2,2,1,2,2,2,3,1,1,2,3,2,2,1,1,2,2,4,2,2,1,3,2,2,1,NA,1,1,2,2,2,NA,2,2,2,1,2,2,2,1,1,1,2,NA,2,NA,2,NA,2,1,4,4,1,1,1,1,1,1,1,NA,1,1,2,1,1,1,1,4,4,2,2,5,2,NA,1,2,4,2,1,3,NA,NA,NA,NA,NA,NA,NA,NA,NA,NA,NA,NA,NA,NA,NA,NA,NA,NA,NA,NA
#8B97011D,103.5,A09098198,108,NA,NA,NA,NA,NA,NA,NA,NA,NA,NA,NA,NA,NA,NA,NA,NA,3,3,4,4,3,3,2,2,1,4,4,4,NA,5,3,NA,NA,NA,NA,NA,NA,NA,NA,NA,NA,NA,NA,NA,NA,2,2,2,2,3,4,5,5,3,3,2,2,1,4,4,2,2,2,NA,4,4,4,1,1,2,2,2,2,4,3,3,1,1,1,3,3,3,3,5,3,5,5,2,2,3,3,2,2,3,2,3,2,3,3,2,2,4,4,5,5,2,2,5,3,4,1,1,2,2,1,1,1,1,1,5,1,5,NA,1,3,5,5,3,3,2,NA,2,3,1,3,2,3,1,2,2,NA,1,1,4,4,1,2,5,1,1,3,2,2
#8DAD2808,98,A09813173,122,NA,2,1,1,2,3,2,2,NA,3,1,2,3,3,2,1,3,3,4,4,NA,5,2,2,1,4,NA,NA,4,3,3,4,1,2,4,1,1,2,5,5,4,4,4,3,3,1,1,2,2,4,4,5,4,3,3,2,NA,1,5,2,1,2,1,2,4,4,4,2,2,5,5,1,1,4,4,4,4,3,1,NA,NA,NA,NA,NA,NA,2,3,1,1,3,2,2,2,4,3,3,3,3,3,2,2,1,1,1,1,NA,NA,NA,NA,NA,NA,NA,NA,NA,2,5,1,1,3,5,1,2,3,4,NA,NA,NA,NA,NA,NA,NA,NA,NA,1,2,2,1,4,4,2,2,2,4,4,5,3,1,5,4,2,4,3,1
#8E643DD7,81.5,A53037777,163,NA,NA,NA,NA,NA,NA,NA,NA,NA,NA,NA,NA,NA,NA,NA,NA,NA,NA,2,NA,2,3,3,2,1,3,4,2,2,3,3,NA,NA,1,2,NA,1,4,4,4,4,3,4,NA,3,1,2,1,2,2,3,3,4,4,3,2,2,1,2,4,2,NA,1,2,1,4,2,1,2,5,5,NA,NA,NA,NA,NA,NA,NA,NA,2,2,3,3,3,3,3,3,2,1,3,3,4,3,3,3,2,1,3,3,3,2,3,1,4,3,NA,NA,NA,2,3,3,4,1,NA,2,2,2,4,3,2,4,5,3,5,NA,NA,NA,NA,NA,NA,NA,NA,NA,4,4,3,2,2,2,3,3,2,2,2,NA,3,3,2,2,3,NA,2,NA
#8E688D6B,80,A11296382,154,NA,NA,NA,3,3,3,2,2,3,3,2,2,2,4,NA,1,3,2,4,4,1,1,3,2,1,1,4,4,4,3,5,4,4,4,4,1,1,4,4,2,4,3,1,4,3,2,4,4,1,4,2,4,4,4,3,NA,2,1,4,4,1,1,2,4,1,1,2,1,2,1,1,1,1,4,4,5,2,2,2,2,2,3,3,5,4,2,3,NA,3,1,2,2,2,3,4,3,3,1,3,2,3,1,4,2,1,3,3,5,4,4,2,2,2,2,1,1,2,2,4,3,4,NA,4,5,1,3,2,1,1,3,2,5,2,1,1,1,2,1,2,2,3,4,4,NA,3,3,3,3,3,3,3,2,2
#8E6F2FCE,103,A11695280,109,NA,NA,NA,3,3,3,2,2,3,3,2,2,2,3,1,1,2,3,2,1,1,1,2,2,1,1,4,4,4,4,5,4,4,4,4,1,1,4,4,3,4,1,2,3,3,2,4,1,1,1,1,1,4,4,3,2,2,1,2,2,3,3,2,1,1,1,1,1,1,1,1,1,1,5,5,5,1,2,1,2,2,3,3,3,4,2,3,2,3,3,3,2,2,4,4,3,3,1,2,NA,3,1,4,3,1,2,5,5,4,4,3,3,2,2,1,1,2,3,4,3,4,NA,4,5,1,1,2,2,2,NA,2,2,3,3,1,1,2,2,3,3,3,3,4,2,3,1,1,2,1,2,2,2,2
#8E773EC7,70,A09994512,182,1,1,1,1,1,3,3,2,3,3,1,2,3,3,5,5,1,1,1,1,1,3,4,2,2,4,4,3,4,3,3,1,1,3,1,1,1,1,4,4,4,1,4,3,3,1,1,3,2,4,3,4,4,1,1,1,2,1,4,4,2,2,1,1,2,4,4,1,1,3,2,2,2,5,5,5,3,3,3,1,3,4,3,4,2,1,4,4,4,3,3,1,1,1,3,1,1,2,3,2,2,3,3,2,1,1,1,5,1,1,1,1,2,2,3,3,3,1,1,3,1,2,4,4,2,4,2,2,2,1,2,4,3,1,3,2,2,1,4,2,2,4,4,3,3,2,2,3,5,2,2,2,3
#8EC5D59E,104.5,A11193292,121,NA,NA,NA,NA,4,3,2,2,3,NA,3,1,3,3,5,1,NA,NA,NA,NA,3,5,2,NA,1,4,NA,4,NA,3,NA,NA,NA,NA,NA,NA,NA,NA,NA,NA,NA,NA,NA,NA,NA,NA,NA,2,NA,3,NA,4,4,5,5,2,2,1,4,4,NA,NA,NA,NA,NA,NA,NA,NA,NA,NA,NA,2,NA,3,3,NA,NA,3,5,NA,NA,NA,NA,NA,NA,NA,NA,NA,NA,NA,NA,NA,NA,NA,NA,NA,NA,NA,NA,NA,NA,NA,NA,NA,NA,NA,NA,NA,NA,NA,NA,NA,NA,NA,NA,NA,NA,NA,NA,NA,NA,NA,NA,NA,NA,NA,NA,NA,NA,NA,NA,NA,NA,NA,NA,NA,NA,NA,NA,NA,NA,NA,NA,NA,NA,NA,NA,NA,NA,NA,NA,NA,NA
#8EC5DC97,101.5,A09823492,128,NA,NA,NA,NA,NA,NA,NA,NA,NA,NA,NA,NA,NA,NA,NA,NA,NA,NA,NA,NA,NA,NA,NA,NA,NA,NA,NA,NA,NA,NA,NA,NA,NA,NA,4,1,1,2,1,1,1,3,1,3,3,2,2,2,2,2,4,4,4,3,3,2,2,3,1,4,NA,NA,NA,NA,NA,NA,NA,NA,NA,NA,NA,NA,NA,NA,NA,NA,NA,NA,NA,NA,NA,NA,NA,NA,NA,NA,NA,NA,NA,NA,NA,NA,NA,NA,NA,NA,NA,NA,NA,NA,NA,NA,NA,NA,NA,NA,NA,NA,NA,NA,NA,NA,NA,NA,NA,NA,NA,NA,NA,NA,NA,NA,NA,NA,NA,NA,NA,NA,NA,NA,NA,NA,NA,NA,NA,NA,NA,NA,NA,NA,NA,NA,NA,NA,NA,NA,NA,NA,NA,NA,NA,NA,NA
#8EC97B3C,87,A09369743,139,NA,NA,NA,NA,NA,NA,NA,NA,NA,NA,NA,NA,NA,NA,NA,NA,2,5,4,4,2,3,5,5,1,3,4,4,4,3,3,2,4,3,3,1,1,2,3,2,2,4,4,1,1,1,1,2,2,4,2,3,3,5,5,2,2,1,2,2,1,1,1,NA,2,4,3,2,1,5,3,2,2,4,4,4,2,2,3,4,3,3,3,2,4,3,5,1,5,3,4,2,2,1,1,4,4,3,3,2,2,1,2,3,1,1,NA,5,4,NA,2,2,1,1,2,2,1,2,2,2,5,4,5,5,1,3,5,1,1,2,2,1,4,3,3,2,2,4,4,3,4,2,2,1,4,1,1,3,3,2,2,1,1
#8EE5066D,71.5,A10459141,176,2,2,1,1,3,3,3,2,3,3,1,1,3,3,1,1,5,5,5,4,4,4,2,2,1,4,4,4,4,3,3,5,5,1,4,1,1,4,4,5,4,1,4,3,3,1,1,2,2,4,4,4,4,3,3,2,2,1,4,4,NA,NA,NA,NA,NA,NA,NA,NA,NA,NA,NA,1,1,1,3,3,3,2,2,1,3,3,3,1,3,2,5,2,2,3,3,3,2,4,4,1,1,1,3,2,3,2,3,2,3,NA,NA,NA,NA,NA,NA,NA,NA,NA,1,1,3,1,1,2,1,2,3,1,2,1,1,3,3,1,4,1,1,1,1,2,1,3,3,2,3,2,3,2,3,1,1,3,4,1,1,1,1
#8F80646B,87,A98033113,131,2,2,1,1,1,1,2,2,1,2,1,1,1,1,1,1,1,3,4,NA,3,3,2,2,1,1,4,3,4,3,3,2,3,3,4,2,2,2,2,4,4,4,4,4,4,5,2,1,1,2,2,4,4,5,4,2,2,1,2,1,1,1,4,2,3,4,1,4,2,3,2,1,1,5,4,5,2,2,2,2,2,3,3,1,4,2,3,2,5,1,3,3,3,3,2,2,3,NA,NA,NA,NA,NA,NA,NA,NA,NA,NA,NA,NA,NA,NA,NA,NA,NA,1,3,1,1,1,1,1,1,NA,NA,NA,NA,NA,NA,NA,NA,NA,NA,NA,1,1,1,1,1,2,2,2,NA,NA,3,3,3,3,4,4,1,5,1,1
#8FA985A3,97,A09987897,113,2,2,1,1,2,3,2,2,1,3,2,1,3,3,1,1,NA,NA,1,1,3,NA,2,NA,1,3,4,4,4,4,3,5,2,3,4,1,1,4,4,4,NA,4,4,5,5,3,4,3,3,2,2,4,4,3,3,2,2,1,4,4,2,NA,5,2,1,4,3,2,1,5,5,2,2,3,5,5,3,2,2,2,2,3,3,1,1,3,3,2,4,2,3,2,2,1,1,3,3,3,3,1,2,1,2,1,1,5,4,5,1,1,4,4,1,2,1,1,3,1,3,3,5,NA,4,4,NA,2,2,NA,1,2,4,4,3,1,1,2,1,3,3,4,4,1,4,2,2,4,4,4,3,4,4,1,3
#8FACC7E4,65,A10480776,184,2,2,1,1,2,2,2,2,1,NA,2,2,3,NA,5,1,3,3,1,1,1,3,2,2,2,5,4,1,1,3,3,1,1,NA,4,4,1,4,4,4,4,4,4,NA,5,2,2,4,2,4,2,NA,4,1,1,2,2,4,2,2,2,2,1,1,3,1,1,1,2,1,1,4,3,2,2,3,2,NA,5,1,1,2,2,2,NA,NA,1,3,3,3,3,2,2,2,3,3,3,2,NA,2,NA,2,2,4,3,1,1,1,1,1,2,1,NA,1,1,2,1,1,1,1,4,4,2,2,2,2,3,2,2,2,4,2,2,2,2,2,2,3,3,2,2,3,3,1,1,3,3,5,5,3,NA,2,2
#8FAD0C2E,75,A11756444,177,NA,NA,NA,NA,NA,NA,NA,NA,NA,NA,NA,NA,NA,NA,NA,NA,NA,NA,NA,5,2,3,3,NA,2,5,1,4,NA,NA,3,NA,NA,NA,NA,3,1,1,2,2,4,4,NA,1,4,NA,NA,NA,NA,2,NA,3,4,3,5,2,NA,1,4,NA,2,NA,2,2,NA,2,3,3,NA,3,NA,NA,NA,5,NA,NA,NA,2,NA,NA,NA,NA,NA,NA,NA,NA,1,NA,NA,NA,3,NA,NA,NA,2,2,3,2,3,3,NA,3,1,3,NA,NA,NA,NA,NA,NA,NA,NA,NA,NA,2,NA,NA,3,2,3,5,NA,2,NA,NA,3,2,3,NA,5,4,NA,NA,1,1,2,2,3,NA,3,NA,1,4,NA,2,3,NA,NA,3,NA,4,1,1
#8FAF5979,104,A09528088,106,3,2,1,1,3,3,2,NA,5,3,5,2,5,3,1,1,3,3,4,4,3,3,2,3,1,4,4,4,NA,5,3,5,5,4,4,1,1,5,5,2,2,4,4,3,5,NA,NA,NA,NA,NA,NA,NA,NA,NA,NA,NA,NA,NA,NA,NA,2,2,2,2,4,4,4,1,1,3,3,NA,NA,NA,NA,NA,NA,NA,NA,NA,NA,NA,NA,NA,NA,3,5,1,3,2,3,2,2,5,2,2,2,NA,NA,NA,NA,NA,NA,NA,NA,2,2,5,2,4,1,5,2,2,1,1,1,1,1,5,1,5,NA,1,4,5,5,3,3,3,NA,2,1,4,2,1,3,2,2,2,NA,3,2,NA,NA,NA,NA,NA,NA,NA,NA,NA,NA
#8FB04778,115.5,A10217034,101,NA,NA,NA,NA,NA,NA,NA,NA,NA,NA,NA,NA,NA,NA,NA,NA,2,3,4,4,3,3,2,2,1,3,4,4,4,3,3,4,4,4,4,1,1,5,5,4,4,4,4,5,3,1,1,2,2,5,5,4,4,4,3,2,2,1,4,4,2,4,2,2,4,4,4,1,1,2,2,1,1,5,5,5,3,2,2,3,3,3,3,1,4,3,3,4,4,3,3,2,2,3,3,3,4,NA,NA,NA,NA,NA,NA,NA,NA,5,5,5,4,4,1,1,2,2,1,1,2,1,2,5,2,2,5,1,2,1,2,1,1,1,4,3,3,1,1,1,2,2,2,3,3,2,2,3,3,4,4,2,3,1,3,2,2
#9305F660,65.5,A11007815,196,NA,NA,NA,NA,NA,NA,NA,NA,NA,NA,NA,NA,NA,NA,NA,NA,3,3,5,4,2,3,2,3,1,4,4,4,4,3,3,2,4,2,4,1,1,1,1,2,2,1,4,NA,3,NA,NA,NA,NA,NA,NA,NA,NA,NA,NA,NA,NA,NA,NA,NA,NA,NA,NA,NA,NA,NA,NA,NA,NA,NA,NA,NA,NA,NA,NA,NA,NA,NA,NA,2,2,4,4,3,3,NA,NA,NA,NA,NA,NA,NA,NA,NA,NA,NA,NA,NA,NA,NA,NA,NA,NA,NA,NA,NA,NA,NA,NA,NA,NA,NA,NA,NA,NA,NA,NA,NA,NA,NA,NA,NA,NA,NA,NA,NA,NA,NA,NA,NA,NA,NA,NA,NA,NA,NA,NA,NA,NA,NA,NA,NA,NA,NA,NA,NA,NA,NA,NA,NA,NA,NA,NA
#9586736,88.5,A10027114,153,NA,NA,NA,NA,NA,NA,NA,NA,NA,NA,NA,NA,NA,NA,NA,NA,NA,NA,NA,NA,NA,NA,NA,NA,NA,NA,NA,NA,NA,NA,NA,NA,NA,NA,NA,NA,NA,NA,NA,NA,NA,NA,NA,NA,NA,NA,NA,NA,NA,NA,NA,NA,NA,NA,NA,NA,NA,NA,NA,NA,NA,NA,NA,NA,NA,NA,NA,NA,NA,NA,NA,NA,NA,NA,NA,NA,NA,NA,NA,NA,NA,NA,NA,NA,NA,NA,NA,NA,NA,NA,NA,NA,NA,NA,NA,NA,NA,NA,NA,NA,NA,NA,NA,NA,NA,NA,NA,NA,NA,NA,NA,NA,NA,NA,NA,NA,NA,NA,NA,NA,NA,NA,NA,NA,NA,NA,NA,NA,NA,NA,NA,NA,NA,NA,NA,NA,NA,NA,NA,NA,NA,NA,NA,NA,NA,NA,NA,NA,NA,NA,NA,NA,NA
#95F6BDDE,87.5,A11732369,175,NA,NA,NA,NA,NA,NA,NA,NA,NA,NA,NA,NA,NA,NA,NA,NA,NA,2,5,5,3,1,3,2,1,3,4,2,4,1,4,4,4,2,1,1,1,1,1,1,2,4,4,1,4,NA,NA,NA,NA,NA,NA,NA,NA,NA,NA,NA,NA,NA,NA,NA,NA,NA,NA,NA,NA,NA,NA,NA,NA,NA,NA,2,2,1,1,3,1,1,1,NA,NA,NA,NA,NA,NA,2,5,3,3,2,3,2,2,3,3,1,3,3,2,2,2,4,2,2,1,3,NA,NA,NA,NA,NA,NA,NA,NA,NA,NA,NA,NA,NA,NA,NA,NA,NA,NA,4,2,3,1,2,3,1,2,3,NA,NA,NA,NA,NA,NA,NA,NA,NA,NA,NA,NA,NA,NA,NA,NA,NA,NA,NA,NA
#96D6B2F2,50,A11404344,194,2,2,5,1,3,3,2,NA,2,2,2,2,3,3,2,5,3,3,2,2,3,3,2,2,1,5,3,4,NA,1,3,4,NA,1,4,3,1,1,2,2,4,3,4,1,4,2,2,3,3,2,NA,NA,4,1,3,2,NA,1,NA,2,2,2,4,NA,NA,NA,1,2,4,4,NA,1,2,2,1,NA,NA,1,1,NA,NA,NA,NA,NA,NA,1,3,5,3,3,3,3,3,3,1,NA,4,3,3,2,2,2,2,3,3,NA,NA,NA,1,4,1,2,2,2,1,1,1,1,2,2,1,1,1,1,NA,4,3,1,1,1,3,1,NA,NA,NA,2,2,2,2,2,NA,NA,4,NA,NA,1,3,4,NA,1,5,2,2
#97C27B2E,81,A53072109,161,NA,NA,NA,NA,NA,NA,NA,NA,NA,NA,NA,NA,NA,NA,NA,NA,NA,NA,NA,NA,NA,NA,NA,NA,NA,NA,NA,NA,NA,NA,NA,NA,NA,NA,NA,NA,NA,NA,NA,NA,NA,NA,NA,NA,NA,NA,NA,NA,NA,NA,NA,NA,NA,NA,NA,NA,NA,NA,NA,NA,2,2,2,NA,2,2,3,2,1,2,4,2,1,5,3,3,3,2,3,NA,NA,NA,NA,NA,NA,1,NA,2,NA,2,3,2,2,3,NA,3,2,3,2,4,2,3,1,3,1,3,4,NA,4,NA,2,3,2,3,3,NA,1,2,2,3,1,2,3,NA,1,4,4,3,3,3,4,2,NA,2,3,3,3,4,3,4,4,4,3,2,3,2,2,2,1,2,4,4,3
#9A07FB66,72,A10721097,156,NA,NA,NA,NA,NA,NA,NA,NA,NA,NA,NA,NA,NA,NA,NA,NA,1,3,5,NA,3,3,2,2,1,4,4,2,4,3,NA,3,NA,3,4,2,2,2,2,4,4,2,4,5,5,2,2,1,1,1,1,4,4,4,4,2,NA,1,1,1,1,2,4,2,2,4,4,2,2,1,1,1,4,4,4,5,1,2,3,NA,NA,NA,NA,NA,NA,3,3,5,5,1,3,3,3,3,3,2,3,NA,NA,NA,NA,NA,NA,NA,NA,NA,NA,NA,NA,NA,NA,NA,NA,NA,1,NA,1,1,2,1,2,1,NA,NA,NA,NA,NA,NA,NA,NA,NA,NA,NA,1,1,3,2,2,2,2,2,NA,NA,3,3,3,3,1,2,1,5,2,1
#9A92969E,113.5,A03623106,102,2,2,1,NA,3,5,2,2,3,3,2,1,5,3,1,1,1,3,5,1,2,3,2,2,1,3,NA,4,4,3,3,4,5,3,4,1,1,5,5,5,4,4,4,4,5,1,1,2,2,3,3,4,4,5,5,2,2,1,4,4,1,2,2,2,4,4,4,1,1,4,4,1,1,5,5,5,1,3,2,2,2,3,3,2,4,2,3,2,2,3,3,2,2,2,2,1,5,NA,NA,NA,NA,NA,NA,NA,NA,NA,NA,NA,NA,NA,NA,NA,NA,NA,3,1,1,1,2,5,5,5,5,5,2,3,2,2,2,2,4,3,3,3,3,2,1,1,2,3,3,4,4,2,3,4,NA,3,3,3,3,1,1
#0FA5319B,NA,NA,NA,2,2,2,1,2,3,2,2,2,3,4,3,2,3,3,1,NA,NA,NA,NA,2,2,3,3,2,3,3,3,3,3,2,NA,NA,2,2,2,2,3,3,3,3,3,3,3,3,NA,NA,NA,3,NA,NA,NA,NA,NA,NA,NA,NA,NA,NA,NA,3,3,3,3,3,4,3,3,3,3,3,3,3,4,3,3,3,4,3,3,2,2,3,3,2,3,3,3,3,3,3,NA,3,3,3,3,3,NA,NA,NA,NA,NA,NA,3,3,NA,3,2,3,3,3,3,4,4,NA,NA,NA,NA,NA,NA,NA,NA,NA,NA,NA,NA,NA,NA,NA,NA,NA,NA,NA,NA,NA,NA,NA,NA,NA,NA,NA,NA,NA,NA,NA,NA,NA,NA,NA,NA,NA,NA,NA
#1DF79B71,NA,NA,NA,NA,NA,NA,1,NA,3,2,2,2,3,1,NA,3,3,1,1,NA,NA,NA,NA,NA,NA,NA,NA,NA,NA,NA,NA,NA,NA,NA,NA,NA,NA,NA,NA,NA,NA,NA,NA,NA,NA,NA,NA,NA,NA,NA,NA,NA,NA,NA,NA,NA,NA,NA,NA,NA,NA,NA,NA,NA,NA,NA,NA,NA,NA,NA,NA,NA,NA,NA,NA,NA,NA,NA,NA,NA,NA,NA,NA,NA,NA,NA,NA,NA,NA,NA,NA,NA,NA,NA,NA,NA,NA,NA,NA,NA,NA,NA,NA,NA,NA,NA,NA,NA,NA,NA,NA,NA,NA,NA,NA,NA,NA,NA,NA,NA,NA,NA,NA,NA,NA,NA,NA,NA,NA,NA,NA,NA,NA,NA,NA,NA,NA,NA,NA,NA,NA,NA,NA,NA,NA,NA,NA,NA,NA,NA,NA,NA,NA,NA,NA,NA
#82BA1B23,NA,NA,NA,2,2,4,4,3,3,4,4,3,3,2,2,3,3,1,1,3,3,5,5,2,2,2,2,1,4,4,4,4,3,3,1,1,2,4,2,1,5,2,1,1,4,4,2,4,4,1,2,2,4,4,4,4,3,3,2,2,1,4,4,NA,NA,NA,NA,NA,NA,NA,NA,NA,NA,NA,NA,NA,NA,NA,NA,NA,NA,NA,NA,NA,NA,NA,NA,NA,3,3,2,2,1,3,2,2,3,2,1,2,3,3,2,2,4,3,1,1,NA,NA,NA,NA,NA,NA,NA,NA,NA,NA,NA,NA,NA,NA,NA,NA,NA,NA,NA,NA,NA,NA,NA,NA,NA,NA,NA,NA,NA,NA,NA,NA,NA,NA,NA,NA,NA,NA,NA,NA,NA,NA,NA,NA,NA,NA,NA,NA
#82DBA5FC,NA,NA,NA,2,2,1,1,4,3,5,2,3,3,2,1,2,3,5,1,4,3,4,4,2,4,2,2,1,1,4,4,4,2,1,NA,NA,NA,NA,1,1,1,1,1,1,1,1,1,2,4,1,2,2,1,4,4,4,1,1,2,2,1,1,1,NA,NA,NA,NA,NA,NA,NA,NA,NA,NA,NA,1,1,1,1,3,1,1,1,2,2,3,3,4,4,1,1,3,3,3,3,2,2,4,4,1,1,3,3,4,2,1,1,1,1,NA,NA,NA,1,2,1,3,NA,1,2,1,3,1,1,2,3,2,2,2,2,1,1,1,3,1,1,1,1,1,NA,1,1,1,1,1,1,1,NA,1,3,2,1,1,5,1,1,1,1
#836A2AC3,NA,NA,NA,2,2,1,NA,2,3,2,2,3,3,1,2,5,3,2,1,3,3,4,4,2,5,2,2,1,4,4,2,4,1,1,NA,NA,NA,NA,NA,NA,NA,NA,NA,NA,NA,NA,NA,NA,NA,NA,NA,NA,NA,NA,NA,NA,NA,NA,NA,NA,NA,NA,NA,NA,NA,NA,NA,NA,NA,NA,NA,NA,NA,NA,NA,NA,NA,NA,NA,NA,NA,NA,NA,NA,NA,NA,NA,NA,NA,NA,NA,NA,NA,NA,NA,NA,NA,NA,NA,NA,NA,NA,NA,NA,NA,NA,NA,NA,1,2,5,3,4,2,2,2,2,NA,NA,NA,NA,NA,NA,NA,NA,NA,NA,2,3,5,3,1,3,3,2,3,2,1,4,2,1,3,3,3,2,2,NA,NA,NA,NA,NA,NA,NA,NA,NA,NA
#85B3281E,NA,NA,NA,2,2,1,1,4,4,2,2,3,3,2,2,NA,NA,NA,NA,NA,NA,NA,NA,NA,NA,NA,NA,NA,NA,NA,NA,NA,NA,NA,NA,NA,NA,NA,NA,NA,NA,NA,NA,NA,NA,NA,NA,NA,NA,NA,NA,NA,NA,NA,NA,NA,NA,NA,NA,NA,NA,NA,NA,NA,NA,NA,NA,NA,NA,NA,NA,NA,NA,NA,NA,NA,NA,NA,NA,NA,NA,NA,NA,NA,NA,NA,NA,NA,NA,NA,NA,NA,NA,NA,NA,NA,NA,NA,NA,NA,NA,NA,NA,NA,NA,NA,NA,NA,NA,NA,NA,NA,NA,NA,NA,NA,NA,NA,NA,NA,NA,NA,NA,NA,NA,NA,NA,NA,NA,NA,NA,NA,NA,NA,NA,NA,NA,NA,NA,NA,NA,NA,NA,NA,NA,NA,NA,NA,NA,NA,NA,NA,NA,NA,NA,NA
#8FA0D4FB,NA,NA,NA,2,NA,1,1,3,3,2,NA,3,3,2,2,4,4,5,2,NA,NA,NA,NA,NA,NA,NA,NA,NA,NA,NA,NA,NA,NA,NA,NA,NA,NA,NA,NA,NA,NA,NA,NA,NA,NA,NA,NA,NA,NA,NA,NA,NA,NA,NA,NA,NA,NA,NA,NA,NA,NA,NA,NA,NA,NA,NA,NA,NA,NA,NA,NA,NA,NA,NA,NA,NA,NA,NA,NA,NA,NA,NA,NA,NA,NA,NA,NA,NA,NA,NA,NA,NA,NA,NA,NA,NA,NA,NA,NA,NA,NA,NA,NA,NA,NA,NA,NA,NA,NA,NA,NA,NA,NA,NA,NA,NA,NA,NA,NA,NA,NA,NA,NA,NA,NA,NA,NA,NA,NA,NA,NA,NA,NA,NA,NA,NA,NA,NA,NA,NA,NA,NA,NA,NA,NA,NA,NA,NA,NA,NA,NA,NA,NA,NA,NA,NA
#9A997D7E,NA,NA,NA,2,NA,1,NA,5,2,NA,1,3,3,2,2,1,3,1,1,3,5,1,5,4,3,3,5,1,4,3,4,4,3,4,5,4,1,4,1,1,1,4,4,4,4,NA,3,NA,NA,NA,NA,NA,NA,NA,NA,NA,NA,NA,NA,NA,NA,NA,NA,NA,NA,NA,NA,NA,NA,NA,NA,NA,NA,NA,NA,NA,NA,NA,NA,NA,NA,NA,NA,NA,NA,NA,NA,NA,NA,NA,NA,NA,NA,NA,NA,NA,NA,NA,NA,NA,NA,NA,NA,NA,NA,NA,NA,NA,NA,NA,NA,NA,NA,NA,NA,NA,NA,NA,NA,NA,NA,NA,NA,NA,NA,NA,NA,NA,NA,NA,NA,NA,NA,NA,NA,NA,NA,NA,NA,NA,NA,NA,NA,NA,NA,NA,NA,NA,NA,NA,NA,NA,NA,NA,NA,NA
#09586736,NA,NA,NA,NA,NA,NA,NA,NA,NA,NA,NA,NA,NA,NA,NA,NA,NA,NA,NA,NA,NA,NA,NA,NA,NA,NA,NA,NA,NA,NA,NA,NA,NA,NA,3,4,4,4,2,2,5,5,2,4,4,4,2,3,1,1,2,2,1,1,5,5,3,3,2,2,1,4,4,2,2,2,2,1,4,3,1,NA,5,1,2,1,5,4,4,3,3,1,3,2,5,3,1,1,2,3,3,3,3,3,2,2,1,3,3,3,3,4,2,2,1,1,2,1,1,2,5,4,4,5,2,NA,2,3,1,1,3,4,4,2,5,5,5,NA,1,4,3,3,2,2,1,3,NA,3,NA,3,3,3,3,3,2,2,1,5,4,4,2,3,5,5,5,1
#82ABF3DA,NA,NA,NA,NA,NA,NA,NA,NA,NA,NA,NA,NA,NA,NA,NA,NA,NA,NA,NA,NA,NA,NA,NA,NA,NA,NA,NA,NA,NA,NA,NA,NA,NA,NA,NA,NA,NA,NA,NA,NA,NA,NA,NA,NA,NA,NA,NA,NA,NA,NA,NA,NA,NA,NA,NA,NA,NA,NA,NA,NA,NA,NA,NA,1,2,3,4,4,4,4,1,1,1,4,3,2,2,3,3,NA,3,2,1,1,2,1,2,1,1,1,1,1,1,1,3,2,2,2,3,2,NA,NA,NA,NA,NA,NA,NA,NA,NA,NA,NA,NA,NA,NA,NA,NA,NA,NA,NA,NA,NA,NA,NA,NA,NA,NA,NA,1,3,3,3,3,3,3,1,1,3,3,3,4,3,2,2,4,1,2,2,2,2,2,1,3,2,3,1,1
#82D0B1E3,NA,NA,NA,NA,NA,NA,NA,NA,NA,NA,NA,NA,NA,NA,NA,NA,NA,NA,NA,NA,NA,NA,NA,NA,NA,NA,NA,NA,NA,NA,NA,NA,NA,NA,NA,NA,NA,NA,NA,NA,NA,NA,NA,NA,NA,NA,NA,NA,NA,NA,NA,NA,NA,NA,NA,NA,NA,NA,NA,NA,NA,NA,NA,2,2,2,2,1,3,3,2,2,3,1,NA,NA,NA,NA,NA,NA,NA,NA,2,2,4,3,2,3,3,NA,4,4,3,4,2,2,1,2,1,3,NA,NA,NA,NA,NA,NA,NA,NA,NA,NA,NA,NA,NA,NA,NA,NA,NA,NA,NA,NA,NA,NA,NA,NA,NA,NA,NA,NA,NA,NA,NA,NA,NA,NA,NA,NA,3,3,3,3,3,3,3,3,1,4,NA,NA,NA,NA,NA,NA,NA,NA,NA,NA
#23B222B3,NA,NA,NA,NA,NA,NA,NA,NA,NA,NA,NA,NA,NA,NA,NA,NA,NA,NA,NA,NA,NA,NA,NA,NA,NA,NA,NA,NA,NA,NA,NA,NA,NA,NA,NA,NA,NA,NA,NA,NA,NA,NA,NA,NA,NA,NA,NA,NA,NA,NA,NA,NA,NA,NA,NA,NA,NA,NA,NA,NA,NA,NA,NA,NA,NA,NA,NA,NA,NA,NA,NA,NA,NA,NA,2,2,4,3,3,2,1,5,NA,NA,NA,NA,NA,NA,NA,NA,NA,NA,NA,NA,NA,NA,NA,NA,NA,NA,NA,NA,NA,NA,NA,NA,NA,NA,NA,NA,NA,NA,NA,NA,NA,NA,NA,NA,NA,NA,NA,NA,NA,NA,NA,NA,NA,NA,NA,NA,NA,NA,NA,NA,NA,NA,NA,NA,NA,NA,NA,NA,NA,NA,NA,NA,NA,NA,NA,NA,NA,NA,NA,NA,NA,NA
#8FAE2607,NA,NA,NA,NA,NA,NA,NA,NA,NA,NA,NA,NA,NA,NA,NA,NA,NA,NA,NA,NA,NA,NA,NA,NA,NA,NA,NA,NA,NA,NA,NA,NA,NA,NA,NA,NA,NA,NA,NA,NA,NA,NA,NA,NA,NA,NA,NA,NA,NA,NA,NA,NA,NA,NA,NA,NA,NA,NA,NA,NA,NA,NA,NA,NA,NA,NA,NA,NA,NA,NA,NA,NA,NA,NA,1,2,2,5,5,1,NA,5,NA,2,3,3,3,NA,NA,NA,NA,NA,NA,NA,NA,NA,NA,NA,NA,NA,NA,NA,NA,NA,NA,NA,NA,NA,NA,NA,NA,NA,NA,NA,NA,NA,NA,NA,NA,NA,NA,NA,NA,NA,NA,NA,NA,NA,NA,NA,NA,NA,NA,NA,NA,NA,2,NA,2,2,2,2,3,3,2,2,NA,NA,NA,NA,NA,NA,NA,NA,NA,NA
#84E9335E,NA,NA,NA,NA,NA,NA,NA,NA,NA,NA,NA,NA,NA,NA,NA,NA,NA,NA,NA,NA,NA,NA,NA,NA,NA,NA,NA,NA,NA,NA,NA,NA,NA,NA,NA,NA,NA,NA,NA,NA,NA,NA,NA,NA,NA,NA,NA,NA,NA,NA,NA,NA,NA,NA,NA,NA,NA,NA,NA,NA,NA,NA,NA,NA,NA,NA,NA,NA,NA,NA,NA,NA,NA,NA,NA,NA,NA,NA,NA,NA,NA,NA,NA,2,5,3,1,2,NA,NA,NA,NA,NA,NA,NA,NA,NA,NA,NA,NA,NA,NA,NA,NA,NA,NA,NA,NA,NA,NA,NA,NA,NA,NA,NA,NA,NA,NA,NA,NA,NA,NA,NA,NA,NA,NA,NA,NA,NA,NA,NA,NA,NA,NA,NA,NA,NA,NA,NA,NA,NA,NA,NA,NA,NA,NA,NA,NA,NA,NA,NA,NA,NA,NA,NA,NA
#82DD4A15,NA,NA,NA,NA,NA,NA,NA,NA,NA,NA,NA,NA,NA,NA,NA,NA,NA,NA,NA,NA,NA,NA,NA,NA,NA,NA,NA,NA,NA,NA,NA,NA,NA,NA,NA,NA,NA,NA,NA,NA,NA,NA,NA,NA,NA,NA,NA,NA,NA,NA,NA,NA,NA,NA,NA,NA,NA,NA,NA,NA,NA,NA,NA,NA,NA,NA,NA,NA,NA,NA,NA,NA,NA,NA,NA,NA,NA,NA,NA,NA,NA,NA,NA,NA,NA,NA,NA,NA,1,3,5,4,3,2,2,2,1,1,2,2,NA,NA,NA,NA,NA,NA,NA,NA,3,4,5,1,4,3,3,1,2,NA,NA,NA,NA,NA,NA,NA,NA,NA,NA,2,2,2,3,NA,2,2,3,3,3,1,2,2,2,2,1,2,2,2,NA,NA,NA,NA,NA,NA,NA,NA,NA,NA
#9AD9480B,NA,NA,NA,NA,NA,NA,NA,NA,NA,NA,NA,NA,NA,NA,NA,NA,NA,NA,NA,NA,NA,NA,NA,NA,NA,NA,NA,NA,NA,NA,NA,NA,NA,NA,NA,NA,NA,NA,NA,NA,NA,NA,NA,NA,NA,NA,NA,NA,NA,NA,NA,NA,NA,NA,NA,NA,NA,NA,NA,NA,NA,NA,NA,NA,NA,NA,NA,NA,NA,NA,NA,NA,NA,NA,NA,NA,NA,NA,NA,NA,NA,NA,NA,NA,NA,NA,NA,NA,NA,NA,NA,NA,NA,NA,NA,NA,NA,NA,NA,NA,NA,NA,NA,NA,NA,NA,NA,NA,NA,NA,NA,1,NA,2,NA,1,1,NA,NA,NA,NA,NA,NA,NA,NA,NA,NA,NA,2,2,2,NA,2,2,2,2,NA,NA,NA,NA,NA,NA,NA,NA,NA,NA,NA,NA,NA,NA,NA,NA,NA,NA,NA,NA
#260787A6,NA,NA,NA,NA,NA,NA,NA,NA,NA,NA,NA,NA,NA,NA,NA,NA,NA,NA,NA,NA,NA,NA,NA,NA,NA,NA,NA,NA,NA,NA,NA,NA,NA,NA,NA,NA,NA,NA,NA,NA,NA,NA,NA,NA,NA,NA,NA,NA,NA,NA,NA,NA,NA,NA,NA,NA,NA,NA,NA,NA,NA,NA,NA,NA,NA,NA,NA,NA,NA,NA,NA,NA,NA,NA,NA,NA,NA,NA,NA,NA,NA,NA,NA,NA,NA,NA,NA,NA,NA,NA,NA,NA,NA,NA,NA,NA,NA,NA,NA,NA,NA,NA,NA,NA,NA,NA,NA,NA,NA,NA,NA,NA,NA,NA,NA,NA,NA,2,3,3,3,3,5,3,2,2,3,NA,2,2,2,3,2,1,3,3,NA,NA,NA,NA,NA,NA,NA,NA,NA,NA,3,2,2,2,2,2,2,1,2,2
#8E1944D3,NA,NA,NA,NA,NA,NA,NA,NA,NA,NA,NA,NA,NA,NA,NA,NA,NA,NA,NA,NA,NA,NA,NA,NA,NA,NA,NA,NA,NA,NA,NA,NA,NA,NA,NA,NA,NA,NA,NA,NA,NA,NA,NA,NA,NA,NA,NA,NA,NA,NA,NA,NA,NA,NA,NA,NA,NA,NA,NA,NA,NA,NA,NA,NA,NA,NA,NA,NA,NA,NA,NA,NA,NA,NA,NA,NA,NA,NA,NA,NA,NA,NA,NA,NA,NA,NA,NA,NA,NA,NA,NA,NA,NA,NA,NA,NA,NA,NA,NA,NA,NA,NA,NA,NA,NA,NA,NA,NA,NA,NA,NA,NA,NA,NA,NA,NA,NA,1,3,3,3,1,1,3,NA,1,1,2,3,2,1,1,1,2,1,NA,1,1,2,1,1,2,4,3,3,4,NA,NA,NA,NA,NA,NA,NA,NA,NA,NA
#856FAF45,NA,NA,NA,NA,NA,NA,NA,NA,NA,NA,NA,NA,NA,NA,NA,NA,NA,NA,NA,NA,NA,NA,NA,NA,NA,NA,NA,NA,NA,NA,NA,NA,NA,NA,NA,NA,NA,NA,NA,NA,NA,NA,NA,NA,NA,NA,NA,NA,NA,NA,NA,NA,NA,NA,NA,NA,NA,NA,NA,NA,NA,NA,NA,NA,NA,NA,NA,NA,NA,NA,NA,NA,NA,NA,NA,NA,NA,NA,NA,NA,NA,NA,NA,NA,NA,NA,NA,NA,NA,NA,NA,NA,NA,NA,NA,NA,NA,NA,NA,NA,NA,NA,NA,NA,NA,NA,NA,NA,NA,NA,NA,NA,NA,NA,NA,NA,NA,NA,NA,NA,NA,NA,NA,NA,NA,NA,NA,2,3,3,1,NA,1,1,2,2,1,3,2,1,2,2,3,3,1,1,NA,NA,NA,NA,NA,NA,NA,NA,NA,NA
#8612C551,NA,NA,NA,NA,NA,NA,NA,NA,NA,NA,NA,NA,NA,NA,NA,NA,NA,NA,NA,NA,NA,NA,NA,NA,NA,NA,NA,NA,NA,NA,NA,NA,NA,NA,NA,NA,NA,NA,NA,NA,NA,NA,NA,NA,NA,NA,NA,NA,NA,NA,NA,NA,NA,NA,NA,NA,NA,NA,NA,NA,NA,NA,NA,NA,NA,NA,NA,NA,NA,NA,NA,NA,NA,NA,NA,NA,NA,NA,NA,NA,NA,NA,NA,NA,NA,NA,NA,NA,NA,NA,NA,NA,NA,NA,NA,NA,NA,NA,NA,NA,NA,NA,NA,NA,NA,NA,NA,NA,NA,NA,NA,NA,NA,NA,NA,NA,NA,NA,NA,NA,NA,NA,NA,NA,NA,NA,NA,NA,2,2,1,2,1,2,1,3,NA,NA,NA,NA,NA,NA,NA,NA,NA,NA,NA,NA,NA,NA,NA,NA,NA,NA,NA,NA
#8DABEACC,NA,NA,NA,NA,NA,NA,NA,NA,NA,NA,NA,NA,NA,NA,NA,NA,NA,NA,NA,NA,NA,NA,NA,NA,NA,NA,NA,NA,NA,NA,NA,NA,NA,NA,NA,NA,NA,NA,NA,NA,NA,NA,NA,NA,NA,NA,NA,NA,NA,NA,NA,NA,NA,NA,NA,NA,NA,NA,NA,NA,NA,NA,NA,NA,NA,NA,NA,NA,NA,NA,NA,NA,NA,NA,NA,NA,NA,NA,NA,NA,NA,NA,NA,NA,NA,NA,NA,NA,NA,NA,NA,NA,NA,NA,NA,NA,NA,NA,NA,NA,NA,NA,NA,NA,NA,NA,NA,NA,NA,NA,NA,NA,NA,NA,NA,NA,NA,NA,NA,NA,NA,NA,NA,NA,NA,NA,NA,NA,2,2,1,2,2,2,1,1,NA,NA,NA,NA,NA,NA,NA,NA,NA,NA,NA,NA,NA,NA,NA,NA,NA,NA,NA,NA
#098E7AFD,NA,NA,NA,NA,NA,NA,NA,NA,NA,NA,NA,NA,NA,NA,NA,NA,NA,NA,NA,NA,NA,NA,NA,NA,NA,NA,NA,NA,NA,NA,NA,NA,NA,NA,NA,NA,NA,NA,NA,NA,NA,NA,NA,NA,NA,NA,NA,NA,NA,NA,NA,NA,NA,NA,NA,NA,NA,NA,NA,NA,NA,NA,NA,NA,NA,NA,NA,NA,NA,NA,NA,NA,NA,NA,NA,NA,NA,NA,NA,NA,NA,NA,NA,NA,NA,NA,NA,NA,NA,NA,NA,NA,NA,NA,NA,NA,NA,NA,NA,NA,NA,NA,NA,NA,NA,NA,NA,NA,NA,NA,NA,NA,NA,NA,NA,NA,NA,NA,NA,NA,NA,NA,NA,NA,NA,NA,NA,NA,NA,NA,NA,NA,NA,NA,NA,NA,NA,NA,5,2,2,2,2,3,3,4,NA,NA,NA,NA,NA,NA,NA,NA,NA,NA
#8D886762,NA,NA,NA,NA,NA,NA,NA,NA,NA,NA,NA,NA,NA,NA,NA,NA,NA,NA,NA,NA,NA,NA,NA,NA,NA,NA,NA,NA,NA,NA,NA,NA,NA,NA,NA,NA,NA,NA,NA,NA,NA,NA,NA,NA,NA,NA,NA,NA,NA,NA,NA,NA,NA,NA,NA,NA,NA,NA,NA,NA,NA,NA,NA,NA,NA,NA,NA,NA,NA,NA,NA,NA,NA,NA,NA,NA,NA,NA,NA,NA,NA,NA,NA,NA,NA,NA,NA,NA,NA,NA,NA,NA,NA,NA,NA,NA,NA,NA,NA,NA,NA,NA,NA,NA,NA,NA,NA,NA,NA,NA,NA,NA,NA,NA,NA,NA,NA,NA,NA,NA,NA,NA,NA,NA,NA,NA,NA,NA,NA,NA,NA,NA,NA,NA,NA,NA,2,NA,NA,NA,NA,NA,NA,NA,NA,NA,NA,NA,NA,NA,NA,NA,NA,NA,NA,NA
#8DF7B2C8,NA,NA,NA,NA,NA,NA,NA,NA,NA,NA,NA,NA,NA,NA,NA,NA,NA,NA,NA,NA,NA,NA,NA,NA,NA,NA,NA,NA,NA,NA,NA,NA,NA,NA,NA,NA,NA,NA,NA,NA,NA,NA,NA,NA,NA,NA,NA,NA,NA,NA,NA,NA,NA,NA,NA,NA,NA,NA,NA,NA,NA,NA,NA,NA,NA,NA,NA,NA,NA,NA,NA,NA,NA,NA,NA,NA,NA,NA,NA,NA,NA,NA,NA,NA,NA,NA,NA,NA,NA,NA,NA,NA,NA,NA,NA,NA,NA,NA,NA,NA,NA,NA,NA,NA,NA,NA,NA,NA,NA,NA,NA,NA,NA,NA,NA,NA,NA,NA,NA,NA,NA,NA,NA,NA,NA,NA,NA,NA,NA,NA,NA,NA,NA,NA,NA,NA,3,2,1,2,1,4,1,3,4,2,NA,NA,NA,NA,NA,NA,NA,NA,NA,NA
#8E1A72E6,NA,NA,NA,NA,NA,NA,NA,NA,NA,NA,NA,NA,NA,NA,NA,NA,NA,NA,NA,NA,NA,NA,NA,NA,NA,NA,NA,NA,NA,NA,NA,NA,NA,NA,NA,NA,NA,NA,NA,NA,NA,NA,NA,NA,NA,NA,NA,NA,NA,NA,NA,NA,NA,NA,NA,NA,NA,NA,NA,NA,NA,NA,NA,NA,NA,NA,NA,NA,NA,NA,NA,NA,NA,NA,NA,NA,NA,NA,NA,NA,NA,NA,NA,NA,NA,NA,NA,NA,NA,NA,NA,NA,NA,NA,NA,NA,NA,NA,NA,NA,NA,NA,NA,NA,NA,NA,NA,NA,NA,NA,NA,NA,NA,NA,NA,NA,NA,NA,NA,NA,NA,NA,NA,NA,NA,NA,NA,NA,NA,NA,NA,NA,NA,NA,NA,NA,2,2,3,NA,3,4,2,1,2,2,NA,NA,NA,NA,NA,NA,NA,NA,NA,NA
#8FAE2A0B,NA,NA,NA,NA,NA,NA,NA,NA,NA,NA,NA,NA,NA,NA,NA,NA,NA,NA,NA,NA,NA,NA,NA,NA,NA,NA,NA,NA,NA,NA,NA,NA,NA,NA,NA,NA,NA,NA,NA,NA,NA,NA,NA,NA,NA,NA,NA,NA,NA,NA,NA,NA,NA,NA,NA,NA,NA,NA,NA,NA,NA,NA,NA,NA,NA,NA,NA,NA,NA,NA,NA,NA,NA,NA,NA,NA,NA,NA,NA,NA,NA,NA,NA,NA,NA,NA,NA,NA,NA,NA,NA,NA,NA,NA,NA,NA,NA,NA,NA,NA,NA,NA,NA,NA,NA,NA,NA,NA,NA,NA,NA,NA,NA,NA,NA,NA,NA,NA,NA,NA,NA,NA,NA,NA,NA,NA,NA,NA,NA,NA,NA,NA,NA,NA,NA,NA,1,1,2,2,1,1,1,1,3,3,NA,NA,NA,NA,NA,NA,NA,NA,NA,NA
#22E89852,NA,NA,NA,NA,NA,NA,NA,NA,NA,NA,NA,NA,NA,NA,NA,NA,NA,NA,NA,NA,NA,NA,NA,NA,NA,NA,NA,NA,NA,NA,NA,NA,NA,NA,NA,NA,NA,NA,NA,NA,NA,NA,NA,NA,NA,NA,NA,NA,NA,NA,NA,NA,NA,NA,NA,NA,NA,NA,NA,NA,NA,NA,NA,NA,NA,NA,NA,NA,NA,NA,NA,NA,NA,NA,NA,NA,NA,NA,NA,NA,NA,NA,NA,NA,NA,NA,NA,NA,NA,NA,NA,NA,NA,NA,NA,NA,NA,NA,NA,NA,NA,NA,NA,NA,NA,NA,NA,NA,NA,NA,NA,NA,NA,NA,NA,NA,NA,NA,NA,NA,NA,NA,NA,NA,NA,NA,NA,NA,NA,NA,NA,NA,NA,NA,NA,NA,NA,NA,NA,NA,NA,NA,NA,NA,NA,NA,2,2,2,1,2,1,1,1,1,1